Ecatepec		MX	120
Erbil		IQ	62
Edmonton		CA	47
Enugu		NG	45
El Paso		US	43
Essen		DE	39
Ebute Ikorodu		NG	35
Esenler		TR	34
Eskişehir	Eskisehir	TR	34
East London		ZA	31
Edinburgh		GB	29
East Jerusalem		PS	28
Erzurum		TR	28
El Obeid		SD	26
Etobicoke		CA	23
Elazığ	Elazig	TR	19
Effon Alaiye		NG	18
El Daein		SD	17
Eixample		ES	17
Etāwah	Etawah	IN	17
Espoo		FI	17
Ensenada		MX	17
El Fasher		SD	16
Eimsbüttel	Eimsbuettel	DE	16
Elche		ES	15
Embu		BR	14
Eldoret		KE	14
Esenyurt		TR	14
Eindhoven		NL	13
Erfurt		DE	13
Edéa	Edea	CM	13
Engel’s	Engel's	RU	13
Ezhou		CN	12
Ellore		IN	12
East New York		US	11
Ech Chettia		DZ	11
Eloy Alfaro		EC	11
Esmeraldas		EC	11
Envigado		CO	10
El Achir		DZ	10
Eugene		US	10
East Chattanooga		US	10
Enschede		NL	10
Elk Grove		US	10
El Tigre		VE	10
El Limón	El Limon	VE	9
East Hampton		US	9
El Jadida		MA	9
Erode		IN	9
Elektrostal’	Elektrostal'	RU	9
Escondido		US	9
eMbalenhle		ZA	9
Ejigbo		NG	9
El Oued		DZ	8
Ebetsu		JP	8
El Eulma		DZ	8
Elbląg	Elblag	PL	8
East Los Angeles		US	8
Edirne		TR	8
Elizabeth		US	8
Epworth		ZW	8
Ekibastuz		KZ	8
Evansville		US	7
Erzincan		TR	7
El Monte		US	7
Exeter		GB	7
Eastbourne		GB	7
Esuk Oron		NG	7
Encheng		CN	7
East Independence		US	7
Enterprise		US	7
Elgin		US	7
Elista		RU	7
Ejido		VE	7
Enfield Town		GB	6
Ed Damer		SD	6
Esmeraldas		BR	6
Escuintla		GT	6
Everett		US	6
Erlangen		DE	6
Edison		US	6
Erie		US	6
Elbasan		AL	6
El Progreso		HN	6
El Cajon		US	6
Estelí	Esteli	NI	6
Erechim		BR	6
Enshi		CN	6
Esslingen		DE	6
Ereğli	Eregli	TR	6
Erciş	Ercis	TR	6
Emure-Ekiti		NG	6
Ereğli	Eregli	TR	5
Ébolowa	Ebolowa	CM	5
El Puerto de Santa María	El Puerto de Santa Maria	ES	5
Enchanted Hills		US	5
Effium		NG	5
Esteio		BR	5
Epe		NG	5
Eisen		KR	5
East Norwalk		US	5
El Ejido		ES	5
El Khroub		DZ	5
Edmond		US	5
Emmiganūr	Emmiganur	IN	5
Elbistan		TR	5
El Cafetal		VE	5
Erdenet		MN	5
Ende		ID	5
Edinburg		US	5
Embu Guaçu	Embu Guacu	BR	5
Encarnación	Encarnacion	PY	4
Evanston		US	4
East Kilbride		GB	4
Esbjerg		DK	4
El Pueblito		MX	4
Ejura		GH	4
Eha Amufu		NG	4
Essaouira		MA	4
Enugu-Ukwu		NG	4
Es Senia		DZ	4
Ellesmere Port		GB	4
Ede		NL	4
Ezza-Ohu		NG	4
Eau Claire		US	4
Ellicott City		US	4
Estepona		ES	4
El Bayadh		DZ	4
East Orange		US	4
Eagan		US	4
El Prat de Llobregat		ES	4
Entebbe		UG	4
Érd	Erd	HU	4
El Hamma		TN	4
Eiguliai		LT	4
Erdaojiang		CN	4
Eden Prairie		US	4
Esfarāyen	Esfarayen	IR	3
Ekpoma		NG	3
Encinitas		US	3
El Vigía	El Vigia	VE	3
Eskilstuna		SE	3
Évreux	Evreux	FR	3
El Hatillo		VE	3
Emmen		NL	3
Eger		HU	3
Espinal		CO	3
Eisen		KR	3
Ezhva		RU	3
Energodar		UA	3
Eschweiler		DE	3
Ełk	Elk	PL	3
Estância	Estancia	BR	3
Évora	Evora	PT	3
Eminönü	Eminoenue	TR	3
Etāwa	Etawa	IN	3
Elda		ES	3
Euskirchen		DE	3
Elyria		US	3
El Banco		CO	3
Eastleigh		GB	3
East Pensacola Heights		US	3
Ercolano		IT	3
El Viejo		NI	3
El Tocuyo		VE	3
Ergani		TR	3
Esher		GB	3
Erbaa		TR	3
Évry	Evry	FR	3
Emden		DE	3
Euless		US	3
East Hartford		US	3
Erftstadt		DE	3
Elkhart		US	3
Ejmiatsin		AM	3
Enid		US	3
eSikhawini		ZA	3
Euclid		US	3
Elmshorn		DE	3
East Lansing		US	3
East Brunswick		US	3
Escada		BR	3
El Kef		TN	3
El Carmen de Bolívar	El Carmen de Bolivar	CO	3
Edina		US	3
Erkrath		DE	3
East Providence		US	3
Esplugues de Llobregat		ES	3
El Hadjar		DZ	3
Erdemli		TR	3
Emmeloord		NL	3
Épinay-sur-Seine	Epinay-sur-Seine	FR	3
Eilat		IL	3
Enfield		US	3
Erkelenz		DE	2
Elmhurst		US	2
Eisenach		DE	2
El Attaf		DZ	2
Echo Park		US	2
El Affroun		DZ	2
East Concord		US	2
El Centro		US	2
Esperanza		DO	2
El Dorado Hills		US	2
Eberswalde		DE	2
Everett		US	2
Ermelo		ZA	2
Enjitsu		KR	2
El Bagre		CO	2
Edremit		TR	2
Écija	Ecija	ES	2
Estância Velha	Estancia Velha	BR	2
Ewell		GB	2
El Hadjira		DZ	2
Edmonds		US	2
Épinal	Epinal	FR	2
Ermesinde		PT	2
El Abiodh Sidi Cheikh		DZ	2
Essex		US	2
Escalante		PH	2
Ettlingen		DE	2
Errenteria		ES	2
El Idrissia		DZ	2
Empalme		MX	2
El Cerrito		CO	2
East Meadow		US	2
Emiliano Zapata		MX	2
Ellenabad		IN	2
Ekangala		ZA	2
Espírito Santo do Pinhal	Espirito Santo do Pinhal	BR	2
Eusébio	Eusebio	BR	2
Eccles		GB	2
Eqbālīyeh	Eqbaliyeh	IR	2
Ewing		US	2
Esperanza		AR	2
El Vendrell		ES	2
East Florence		US	2
Emsdetten		DE	2
El Kala		DZ	2
Egypt Lake-Leto		US	2
El Aïoun	El Aioun	MA	2
Embu		KE	2
Esposende		PT	2
Esposende		PT	2
Empoli		IT	2
East Point		US	2
Erding		DE	2
Erāttupetta	Erattupetta	IN	2
Epe		NL	2
Elmont		US	2
Elk Grove Village		US	2
Échirolles	Echirolles	FR	2
Esik		KZ	2
Eṭ Ṭaiyiba	Et Taiyiba	IL	2
Exmouth		GB	2
El Aouinet		DZ	2
Egra		IN	2
Ennepetal		DE	2
Eastpointe		US	2
El Triunfo		EC	2
Epping		AU	2
Eisenhüttenstadt	Eisenhuettenstadt	DE	2
el hed		DZ	2
El Mirage		US	2
Evergem		BE	2
East Lake		US	2
Erandol		IN	2
Elūr	Elur	IN	2
Élancourt	Elancourt	FR	2
Eldersburg		US	2
Englewood		US	2
Eidelstedt		DE	2
East Hill-Meridian		US	1
Euclides da Cunha		BR	1
East Chicago		US	1
Egham		GB	1
Emmerich		DE	1
East Haven		US	1
Elmira		US	1
Evans		US	1
Esztergom		HU	1
El Abadia		DZ	1
El Charco		CO	1
Elizabethtown		US	1
Esquel		AR	1
Escuinapa de Hidalgo		MX	1
Esch-sur-Alzette		LU	1
Escárcega	Escarcega	MX	1
East Palo Alto		US	1
El Hajeb		MA	1
Ermont		FR	1
Empangeni		ZA	1
Einbeck		DE	1
Erraguntla		IN	1
Eibar		ES	1
Entre Rios		BR	1
Eureka		US	1
Englewood		US	1
Épernay	Epernay	FR	1
Epsom		GB	1
East Saint Louis		US	1
Emmen		CH	1
Easton		US	1
Enterprise		US	1
East Grinstead		GB	1
el Campello		ES	1
Ermelo		NL	1
El Amria		DZ	1
Esquina		AR	1
Espelkamp		DE	1
Erzin		TR	1
Eagle Pass		US	1
Emmendingen		DE	1
Eboli		IT	1
Elamanchili		IN	1
Encrucijada		CU	1
Ehingen		DE	1
El Kseur		DZ	1
Eket		NG	1
Edgewood		US	1
Elmina		GH	1
Ekazhevo		RU	1
Elmadağ	Elmadag	TR	1
Emiliano Zapata		MX	1
Ellwangen		DE	1
Enzan		JP	1
Endeavour Hills		AU	1
Emporia		US	1
En Nâqoûra	En Naqoura	LB	1
Elefsína	Elefsina	GR	1
Elmwood Park		US	1
Ebebiyin		GQ	1
Eagle River		US	1
Ennis		IE	1
Edwardsville		US	1
Erandio		ES	1
Estrela		BR	1
Eaubonne		FR	1
Embarcación	Embarcacion	AR	1
Emet		TR	1
Estoril		PT	1
El Cerrito		US	1
Easton		US	1
East Peoria		US	1
Eckernförde	Eckernfoerde	DE	1
El Monte		CL	1
Étampes	Etampes	FR	1
Enna		IT	1
Eravur Town		LK	1
Elk River		US	1
Edineţ	Edinet	MD	1
East Lake-Orient Park		US	1
Eminābād	Eminabad	PK	1
Erdek		TR	1
Evesham		GB	1
Estero		US	1
El Salto		MX	1
East Patchogue		US	1
El Masnou		ES	1
Eséka	Eseka	CM	1
Elsdorf		DE	1
Encarnación de Díaz	Encarnacion de Diaz	MX	1
Esparreguera		ES	1
Elburg		NL	1
Edegem		BE	1
Eagle Mountain		US	1
Eysines		FR	1
East Moline		US	1
Elgin		GB	1
Eschwege		DE	1
Eppingen		DE	1
Esperantina		BR	1
El Grullo		MX	1
East Ridge		US	1
East Millcreek		US	1
Edosaki		JP	1
Engelskirchen		DE	1
Edgewater		US	1
Elektrogorsk		RU	1
Ennigerloh		DE	1
Esquipulas		GT	1
Edewecht		DE	1
Elele		NG	1
Ensley		US	1
Eislingen		DE	1
Elst		NL	1
Eschborn		DE	1
El Tarf		DZ	1
Esmeralda		CU	1
East Northport		US	1
Emirdağ	Emirdag	TR	1
El Jem		TN	1
Elektrougli		RU	1
Easley		US	1
Eagle		US	1
Entroncamento		PT	1
Evergreen Park		US	1
Enger		DE	1
Eitorf		DE	1
Enköping	Enkoping	SE	1
El Soberbio		AR	1
Eastchester		US	1
Echuca		AU	1
Écully	Ecully	FR	1
El Malah		DZ	1
Elói Mendes	Eloi Mendes	BR	1
Elmwood Park		US	1
El Arahal		ES	1
El Bauga		SD	1
Eeklo		BE	1
East Massapequa		US	1
Enugu-Ezike		NG	1
Epping		AU	1
Eyl		SO	1
El Dorado		US	1
Équeurdreville-Hainneville	Equeurdreville-Hainneville	FR	1
Esplanada		BR	1
Essendon		AU	1
Esperança	Esperanca	BR	1
El Paraíso	El Paraiso	HN	1
Eleşkirt	Eleskirt	TR	1
Embi		KZ	1
Elizabeth City		US	1
Édessa	Edessa	GR	1
Eastwood		GB	1
Emiliano Zapata		MX	1
Eastlake		US	1
East Molesey		GB	1
Eustis		US	1
Emsworth		GB	1
Evans		US	1
Ennis		US	1
El Viso del Alcor		ES	1
Ebbw Vale		GB	1
Elko		US	1
Eersel		NL	1
East Dereham		GB	1
Ellensburg		US	1
Eltham		AU	1
El Copey		CO	1
Erie		US	1
El Fahs		TN	1
Erlanger		US	1
Eppelborn		DE	1
Eupen		BE	1
Extremoz		BR	1
Engadine		AU	1
East Cleveland		US	1
Enem		RU	1
Estreito		BR	1
Egbe		NG	1
Eilenburg		DE	1
Espinosa		BR	1
East Hemet		US	1
Enkhuizen		NL	1
El Astillero		ES	1
Ejea de los Caballeros		ES	1
Ellinikó	Elliniko	GR	1
Elbeuf		FR	1
Eğirdir	Egirdir	TR	1
Encruzilhada do Sul		BR	1
Eirunepé	Eirunepe	BR	1
Ermitagaña	Ermitagana	ES	1
East Setauket		US	1
Ermenek		TR	1
Eutin		DE	1
Eltville		DE	1
Essen		BE	1
El Reno		US	1
El Segundo		US	1
Edmundston		CA	1
Encantado		BR	1
Eloy		US	1
Easthampton		US	1
Elmalı	Elmali	TR	1
Earlwood		AU	1
Eibergen		NL	1
El Crucero		NI	1
Erba		IT	1
Erenhot		CN	1
Estelle		US	1
Ermua		ES	1
El Alia		TN	1
Erwitte		DE	1
Easton		US	1
Ebersbach an der Fils		DE	1
El Retén	El Reten	CO	1
Embalse		AR	1
Eslöv	Eslov	SE	1
El Estor		GT	1
El Tejar		GT	1
Ezine		TR	1
Eberbach		DE	1
Er Reina		IL	1
Elkridge		US	1
Esparza		CR	1
Earlsfield		GB	1
El Bolsón	El Bolson	AR	1
Eden		US	1
East Riverdale		US	1
Elkton		US	1
Erskine		GB	1
Éragny	Eragny	FR	1
Eggenstein-Leopoldshafen		DE	1
El Palmar		GT	1
East Rancho Dominguez		US	1
East Brainerd		US	1
East Longmeadow		US	1
Espiye		TR	1
Eggertsville		US	1