Karachi		PK	774
Kinshasa		CD	519
Kolkata		IN	308
Kunming		CN	257
Kano		NG	241
Kabul		AF	202
Kanpur		IN	188
Kiev		UA	186
Kowloon		HK	134
Khartoum		SD	131
Kaduna		NG	105
Kobe		JP	101
Kaohsiung		TW	101
Kumasi		GH	97
Kota Bharu		MY	97
Kyoto		JP	97
Kuala Lumpur		MY	96
Karaj		IR	96
Kathmandu		NP	96
Kharkiv		UA	95
Kampala		UG	90
Khulna		BD	89
Kawasaki		JP	87
Kalyān	Kalyan	IN	84
Kazan		RU	73
Kitakyushu		JP	66
Köln	Koeln	DE	64
Kingston		JM	62
Krasnoyarsk		RU	61
Kaifeng		CN	60
Klang		MY	58
Konya		TR	58
Kampung Baru Subang		MY	55
Kahrīz	Kahriz	IR	51
Kota		IN	50
Kraków	Krakow	PL	50
Kigali		RW	49
Kumamoto		JP	45
Kryvyi Rih		UA	43
Krasnodar		RU	43
Kotli		PK	42
Kermānshāh	Kermanshah	IR	41
Kirkuk		IQ	40
Kayseri		TR	39
Khabarovsk		RU	38
Khabarovsk Vtoroy		RU	38
Kerman		IR	38
Kuching		MY	38
Kagoshima		JP	37
Kisangani		CD	35
Kolhāpur	Kolhapur	IN	34
Karol Bāgh	Karol Bagh	IN	33
Kalininskiy		RU	33
Kemerovo		RU	31
Kawaguchi		JP	31
Kananga		CD	30
Kansas City		US	30
Kanazawa		JP	30
Karabağlar	Karabaglar	TR	30
Kirov		RU	30
Kota Kinabalu		MY	30
Karagandy		KZ	30
Kozhikode		IN	29
Kurashiki		JP	29
Kousséri	Kousseri	CM	29
Kaliningrad		RU	28
Karbala		IQ	28
Katsina		NG	28
Korba		IN	27
Kolwezi		CD	27
Kursk		RU	27
Kassala		SD	26
Kitwe		ZM	26
Khmel’nyts’kyy	Khmel'nyts'kyy	UA	26
Keelung		TW	26
Kollam		IN	26
Kandahār	Kandahar	AF	26
Khamis Mushait		SA	25
Krugersdorp		ZA	25
Kahramanmaraş	Kahramanmaras	TR	25
Kaunas		LT	24
Kenitra		MA	24
Kuantan		MY	24
Kwangmyŏng	Kwangmyong	KR	23
Kimhae		KR	23
Kosti		SD	23
Kurgan		RU	22
Kūkatpalli	Kukatpalli	IN	22
Kōriyama	Koriyama	JP	22
Kashiwa		JP	22
Kaluga		RU	22
Kaesŏng	Kaesong	KP	22
Kawagoe		JP	22
Krasnogvargeisky		RU	22
Kochi		JP	22
Kāmārhāti	Kamarhati	IN	22
Khorramshahr		IR	22
Khorramabad		IR	21
Kherson		UA	21
Koshigaya		JP	21
Katowice		PL	21
Kulti		IN	20
Kyzyl-Orda		KZ	20
Kyzylorda		KZ	20
Kasugai		JP	19
Kākināda	Kakinada	IN	19
Kasūr	Kasur	PK	19
Kuala Terengganu		MY	19
Karlsruhe		DE	18
Kupang		ID	18
Kostroma		RU	18
Khomeynī Shahr	Khomeyni Shahr	IR	18
Komsomolsk-on-Amur		RU	18
Kashgar		CN	18
Kāshān	Kashan	IR	18
Kakogawachō-honmachi	Kakogawacho-honmachi	JP	18
Kafr ad Dawwār	Kafr ad Dawwar	EG	17
Kirovohrad		UA	16
Kunsan		KR	16
Kurume		JP	15
Krefeld		DE	15
Košice	Kosice	SK	15
Kediri		ID	15
Kismayo		SO	15
Kitchener		CA	15
Kiel		DE	15
Karīmnagar	Karimnagar	IN	15
Kremenchuk		UA	15
Karnāl	Karnal	IN	15
Kharagpur		IN	14
Kisumu		KE	14
Kırıkkale	Kirikkale	TR	14
Kostanay		KZ	14
Kanggye-si		KP	13
Kielce		PL	13
Kasukabe		JP	13
Kishiwada		JP	13
Kamoke		PK	13
Kaiyuan		CN	13
Kure		JP	13
Kendari		ID	13
Kassel		DE	12
Katihar		IN	12
Klaipėda	Klaipeda	LT	12
Kōfu	Kofu	JP	12
Kabwe		ZM	12
Kultali		IN	12
Kikwit		CD	12
Kütahya	Kutahya	TR	12
Kushiro		JP	12
Khandwa		IN	12
Kamensk-Ural’skiy	Kamensk-Ural'skiy	RU	12
Kang-neung		KR	12
Korla		CN	11
Klerksdorp		ZA	11
Knoxville		US	11
Kamirenjaku		JP	11
Kutaisi		GE	11
Khvoy		IR	11
Kramators’k	Kramators'k	UA	11
Khān Yūnis	Khan Yunis	PS	11
Kaolack		SN	11
Kulim		MY	11
Khammam		IN	11
Kluang		MY	11
Khouribga		MA	11
Korhogo		CI	11
Kamakura		JP	11
Khobar		SA	11
Kigoma		TZ	10
Kunduz		AF	10
Kawanishi		JP	10
Khoroshëvo-Mnevniki	Khoroshevo-Mnevniki	RU	10
Katsuta		JP	10
Kumagaya		JP	10
Kisi		NG	10
Kyonju		KR	10
Kānchipuram	Kanchipuram	IN	10
Kovrov		RU	10
Kerch		UA	10
Kohāt	Kohat	PK	10
Komaki		JP	10
Kızıltepe	Kiziltepe	TR	10
Kolomna		RU	9
Khon Kaen		TH	9
Kragujevac		RS	9
Kalemie		CD	9
Krishnanagar		IN	9
Kansas City		US	9
Kampung Pasir Gudang Baru		MY	9
Khŭjand	Khujand	TJ	9
Kumba		CM	9
Kafr ash Shaykh		EG	9
Kenema		SL	9
Kuz’minki	Kuz'minki	RU	9
Khimki		RU	9
Khānpur	Khanpur	PK	9
Kimberley		ZA	9
Kampung Sungai Ara		MY	9
Kaithal		IN	9
Korolev		RU	9
Kumbakonam		IN	9
Kariya		JP	9
Kolpino		RU	9
Kānchrāpāra	Kanchrapara	IN	9
Kabankalan		PH	9
Kushtia		BD	9
Kindu		CD	9
Kislovodsk		RU	8
Kakamigahara		JP	8
Kishangarh		IN	8
Kadoma		JP	8
Kisaran		ID	8
Kamyshin		RU	8
Khardah		IN	8
Killeen		US	8
Kusatsu		JP	8
Klaten		ID	8
Khasavyurt		RU	8
Kolār	Kolar	IN	8
Koronadal		PH	8
Kelowna		CA	8
Khairpur		PK	8
Kashihara-shi		JP	8
Kokshetau		KZ	8
Kisarazu		JP	8
Karaman		TR	8
Kairouan		TN	7
Kokubunji		JP	7
Khlong Luang		TH	7
Kedungwuni		ID	7
Khanna		IN	7
Kindia		GN	7
Khenchela		DZ	7
Kingston		CA	7
Kankan		GN	7
Kitami		JP	7
Kaiyuan		CN	7
Kamālia	Kamalia	PK	7
Kandy		LK	7
Kiryū	Kiryu	JP	7
Kresek		ID	7
Kufa		IQ	7
Kecskemét	Kecskemet	HU	7
Kandi		BJ	7
Komatsu		JP	7
Kalisz		PL	7
Ksar El Kebir		MA	7
Katumba		TZ	7
Kyzyl		RU	7
Kunshan		CN	7
Koszalin		PL	7
Koblenz		DE	7
Khemisset		MA	7
Khurja		IN	7
Kot Addu		PK	6
Kara		TG	6
Kiselëvsk	Kiselevsk	RU	6
Kroonstad		ZA	6
Kashipur		IN	6
Khushāb	Khushab	PK	6
Kansk		RU	6
Kallithéa	Kallithea	GR	6
Kōnan	Konan	JP	6
Kūhdasht	Kuhdasht	IR	6
Kalmunai		LK	6
Kamieniec Podolski		UA	6
Kangding		CN	6
Kāsganj	Kasganj	IN	6
Koutiala		ML	6
Kenosha		US	6
Kwekwe		ZW	6
Kontagora		NG	6
Kaiserslautern		DE	6
Karabük	Karabuk	TR	6
Kuje		NG	6
Kameoka		JP	6
Koforidua		GH	6
Kāshmar	Kashmar	IR	6
Khōst	Khost	AF	6
Kutloanong		ZA	6
Khargone		IN	6
Kanuma		JP	6
Kishanganj		IN	6
Khāmgaon	Khamgaon	IN	6
Kāzerūn	Kazerun	IR	6
Kırşehir	Kirsehir	TR	6
Kitakami		JP	6
Kombolcha		ET	6
Kalyani		IN	6
Kineshma		RU	6
Krasnogorsk		RU	6
Kapūrthala	Kapurthala	IN	6
Kaizuka		JP	6
Kent		US	6
Kudus		ID	6
Kimitsu		JP	6
Kohima		IN	6
Kāraikkudi	Karaikkudi	IN	6
Kilosa		TZ	6
Konotop		UA	6
Kalamariá	Kalamaria	GR	6
Kostyantynivka		UA	6
Kasama		ZM	6
Kishorganj		BD	6
Klagenfurt am Wörthersee	Klagenfurt am Woerthersee	AT	6
Körfez	Korfez	TR	6
Kuznetsk		RU	6
Kovilpatti		IN	6
Kirovo-Chepetsk		RU	6
Krasnyy Luch		UA	6
Kwangyang		KR	5
Kuopio		FI	5
Kartasura		ID	5
Kōnosu	Konosu	JP	5
Kandhkot		PK	5
Klangenan		ID	5
Kozan		TR	5
Koidu		SL	5
Kadugli		SD	5
Koudougou		BF	5
Kasihan		ID	5
Kāmthi	Kamthi	IN	5
Kashiwazaki		JP	5
Keffi		NG	5
Katunayaka		LK	5
Komendantsky aerodrom		RU	5
Kakegawa		JP	5
Kāvali	Kavali	IN	5
Katori-shi		JP	5
Kamigyō-ku	Kamigyo-ku	JP	5
Kraljevo		RS	5
Kanoya		JP	5
Kilis		TR	5
Kasserine		TN	5
Kaspiysk		RU	5
Kadiri		IN	5
Khāriān	Kharian	PK	5
Khambhāt	Khambhat	IN	5
Konstanz		DE	5
Konin		PL	5
Klin		RU	5
Kfar Saba		IL	5
Kotkapura		IN	5
Kairāna	Kairana	IN	5
Kedungwaru		ID	5
Kāraikāl	Karaikal	IN	5
Kidapawan		PH	5
Kropotkin		RU	5
Kafanchan		NG	5
Kottagūdem	Kottagudem	IN	5
Kadoma		ZW	5
Kashihara		JP	5
Kŭlob	Kulob	TJ	5
Koch Bihār	Koch Bihar	IN	5
Kātoya	Katoya	IN	5
Kayes		ML	5
Karatsu		JP	5
Kadayanallur		IN	5
Keningau		MY	5
Kars		TR	5
Kambar		PK	5
Khomeyn		IR	5
Kanasín	Kanasin	MX	5
Ksar el Boukhari		DZ	5
Keratsíni	Keratsini	GR	5
Kagoro		NG	5
Karur		IN	5
Kundla		IN	5
Kannauj		IN	5
Kumanovo		MK	5
Konnagar		IN	5
Kebomas		ID	5
Khemis Miliana		DZ	5
Karangsembung		ID	5
Kamensk-Shakhtinskiy		RU	5
Khadki		IN	5
Kendall		US	5
Kruševac	Krusevac	RS	5
Kampong Chhnang		KH	5
Kitale		KE	5
Kpalimé	Kpalime	TG	5
Keren		ER	4
Kalamazoo		US	4
Khalándrion	Khalandrion	GR	4
Kennewick		US	4
Khenifra		MA	4
Kortrijk		BE	4
Kafr az Zayyāt	Kafr az Zayyat	EG	4
Karauli		IN	4
Kamina		CD	4
Kukichūō	Kukichuo	JP	4
Kawit		PH	4
Kâhta	Kahta	TR	4
Koch'ang		KR	4
Krathum Baen		TH	4
Kotri		PK	4
Kyosai		KR	4
Kuningan		ID	4
Khanabad		AF	4
Khanjarah		TR	4
Kazo		JP	4
Kāmāreddi	Kamareddi	IN	4
Kuandian		CN	4
Kopeysk		RU	4
Kurortnyy		RU	4
Kastamonu		TR	4
Kadirli		TR	4
Karakol		KG	4
Khāliş	Khalis	IQ	4
Kladno		CZ	4
Kohror Pakka		PK	4
Kaura Namoda		NG	4
Khāsh	Khash	IR	4
Kot Malik Barkhurdār	Kot Malik Barkhurdar	PK	4
Kampong Baharu Balakong		MY	4
Kamloops		CA	4
Knysna		ZA	4
Keshod		IN	4
Kānnangād	Kannangad	IN	4
Krasnoarmiys’k	Krasnoarmiys'k	UA	4
Kuqa		CN	4
Khanty-Mansiysk		RU	4
Kaposvár	Kaposvar	HU	4
Kalush		UA	4
Kasese		UG	4
Kstovo		RU	4
Kenner		US	4
Kalulushi		ZM	4
Krishnagiri		IN	4
Kovel’	Kovel'	UA	4
Kungur		RU	4
Klintsy		RU	4
Kashima-shi		JP	4
Kędzierzyn-Koźle	Kedzierzyn-Kozle	PL	4
Kumertau		RU	4
Kopargaon		IN	4
Kunyang		CN	4
Korosten’	Korosten'	UA	4
Khulm		AF	4
Kingswood		GB	4
Kāranja	Karanja	IN	4
Khatauli		IN	4
Kotikawatta		LK	4
Khopoli		IN	4
Karwar		IN	4
Kaihua		CN	4
Kerpen		DE	4
Kāyankulam	Kayankulam	IN	4
Khartsyz’k	Khartsyz'k	UA	4
Kotlovka		RU	4
Kunnamkulam		IN	4
Kangar		MY	4
Kristiansand		NO	4
Kulai		MY	4
Kanchanaburi		TH	4
Karviná	Karvina	CZ	4
Kilju		KP	4
Korydallós	Korydallos	GR	4
Kakamega		KE	4
Kuşadası	Kusadasi	TR	4
Kalamassery		IN	4
Kara-Balta		KG	4
Kogon		UZ	4
Krasnotur’insk	Krasnotur'insk	RU	4
Kaitong		CN	4
Kosong		KR	4
Kitahiroshima		JP	4
Kipushi		CD	4
Kolomyya		UA	4
Kampong Cham		KH	4
Kāmyārān	Kamyaran	IR	4
Kamsar		GN	4
Kempten (Allgäu)	Kempten (Allgaeu)	DE	4
Kuroiso		JP	4
Kırıkhan	Kirikhan	TR	4
Koppal		IN	4
Kabīrwāla	Kabirwala	PK	4
Kertosono		ID	4
Koratla		IN	4
Kīratpur	Kiratpur	IN	4
Kousa		EG	4
Köpenick	Kopenick Bezirk	DE	4
Kuwait City		KW	4
Koga		JP	4
Kawm Umbū	Kawm Umbu	EG	3
Kissimmee		US	3
Koson		UZ	3
Katiola		CI	3
Kottayam		IN	3
Kattaqo’rg’on	Kattaqo'rg'on	UZ	3
Karlstad		SE	3
Kotlas		RU	3
Kodār	Kodar	IN	3
Kabinda		CD	3
Kolda		SN	3
Kamphaeng Phet		TH	3
Kayes		CG	3
Kampong Dungun		MY	3
Ksar Chellala		DZ	3
Kasaoka		JP	3
Korçë	Korce	AL	3
Kırklareli	Kirklareli	TR	3
Kisela Voda		MK	3
Kanbe		MM	3
Kolonnawa		LK	3
Kadi		IN	3
Koga		JP	3
Kraaifontein		ZA	3
Kokubu-matsuki		JP	3
Kogalym		RU	3
Krymsk		RU	3
Kentau		KZ	3
Kātrās	Katras	IN	3
Kabanjahe		ID	3
Kitgum		UG	3
Kalibo (poblacion)		PH	3
Kuchāman	Kuchaman	IN	3
Kidderminster		GB	3
Kaga Bandoro		CF	3
Kollegāl	Kollegal	IN	3
Kirishi		RU	3
Kettering		US	3
Kendale Lakes		US	3
Kapenguria		KE	3
Kuala Selangor		MY	3
Karād	Karad	IN	3
Kampung Bukit Baharu		MY	3
Klaeng		TH	3
Khiwa		UZ	3
Kaédi	Kaedi	MR	3
Kolding		DK	3
Karīmganj	Karimganj	IN	3
Kribi		CM	3
Klimovsk		RU	3
Kazanlŭk	Kazanluk	BG	3
Kasongo		CD	3
Kalasin		TH	3
Kāndi	Kandi	IN	3
Kotka		FI	3
Krasnokamensk		RU	3
Kupchino		RU	3
Kalamáta	Kalamata	GR	3
Kavála	Kavala	GR	3
Kumbo		CM	3
Kālna	Kalna	IN	3
Kandukūr	Kandukur	IN	3
Kangāvar	Kangavar	IR	3
Kettering		GB	3
Kāsaragod	Kasaragod	IN	3
Kateríni	Katerini	GR	3
Konch		IN	3
Kudamatsu		JP	3
Kota Tinggi		MY	3
Krasnokamsk		RU	3
Kosi		IN	3
Kyaiklat		MM	3
Kamifukuoka		JP	3
Kimry		RU	3
Kariya		JP	3
Kepanjen		ID	3
Karlovy Vary		CZ	3
Kāliyāganj	Kaliyaganj	IN	3
Komsomolsk		UA	3
Khagaul		IN	3
Khalkhāl	Khalkhal	IR	3
Kardzhali		BG	3
Kitaibaraki		JP	3
Kanakapura		IN	3
Kobryn		BY	3
Karanganom		ID	3
Kingisepp		RU	3
Kizlyar		RU	3
Kawalu		ID	3
Khorramdarreh		IR	3
Kavaklı	Kavakli	TR	3
Kyaukse		MM	3
Khagrachhari		BD	3
Konibodom		TJ	3
Keighley		GB	3
Khŭjayli	Khujayli	UZ	3
Ko Samui		TH	3
Kozeyevo		RU	3
Kozhukhovo		RU	3
Khagaria		IN	3
Kanash		RU	3
Kabba		NG	3
Kerkrade		NL	3
Khemis el Khechna		DZ	3
Katoro		TZ	3
Keskin		TR	3
Karapınar	Karapinar	TR	3
Krasnodon		UA	3
Kizhake Chālakudi	Kizhake Chalakudi	IN	3
Kleve		DE	3
Kampen		NL	3
Khān Shaykhūn	Khan Shaykhun	SY	3
Kirkland		US	3
Kolokani		ML	3
Kentwood		US	3
Kyaikto		MM	3
Kathua		IN	3
Kurayoshi		JP	3
Kutno		PL	3
Kuybyshev		RU	3
Kyustendil		BG	3
Kingsport		US	3
Karlovac		HR	3
Kyaikkami		MM	3
Kibuye		RW	3
Krosno		PL	3
Kurganinsk		RU	3
Kafue		ZM	3
Kon Tum		VN	3
Kifisiá	Kifisia	GR	3
Kintampo		GH	3
Kissidougou		GN	3
Kulu		TR	3
Kirkcaldy		GB	3
Kerkera		DZ	3
Kurchatov		RU	3
Kārsiyāng	Karsiyang	IN	3
Komoro		JP	3
Kibungo		RW	3
Kilifi		KE	3
Kohtla-Järve	Kohtla-Jaerve	EE	3
Kot Rādha Kishan	Kot Radha Kishan	PK	3
Kamen		DE	3
Kol’chugino	Kol'chugino	RU	3
Kāhna	Kahna	PK	3
Kharar		IN	3
Komotiní	Komotini	GR	3
Kālīganj	Kaliganj	BD	3
Kokomo		US	3
Kanevskaya		RU	3
Khalīlābād	Khalilabad	IN	3
Koysinceq		IQ	2
Kimje		KR	2
Kapadvanj		IN	2
Kanye		BW	2
Keşan	Kesan	TR	2
Kirtipur		NP	2
Kamen’-na-Obi	Kamen'-na-Obi	RU	2
Koesan		KR	2
Karmi’el	Karmi'el	IL	2
Kołobrzeg	Kolobrzeg	PL	2
Kan’onjichō	Kan'onjicho	JP	2
Kālpi	Kalpi	IN	2
Krasnoye Selo		RU	2
Ketanggungan		ID	2
Karacabey		TR	2
Kasoa		GH	2
Krasnyy Sulin		RU	2
Kachkanar		RU	2
Kendrāparha	Kendraparha	IN	2
Kāmra	Kamra	PK	2
Kosai-shi		JP	2
Kanuru		IN	2
Kosonsoy		UZ	2
Kotputli		IN	2
Kabale		UG	2
Kāndhla	Kandhla	IN	2
Kainan		JP	2
Kélibia	Kelibia	TN	2
Krasnoufimsk		RU	2
Kamaishi		JP	2
Kencong		ID	2
Kronshtadt		RU	2
Kālimpong	Kalimpong	IN	2
Kati		ML	2
Kilmarnock		GB	2
Katabu		ID	2
Koryazhma		RU	2
Kannapolis		US	2
Komatsushimachō	Komatsushimacho	JP	2
Kasungu		MW	2
Kelo		TD	2
Khurda		IN	2
Kaufbeuren		DE	2
Khekra		IN	2
Kotabumi		ID	2
Kyathampalle		IN	2
Konakovo		RU	2
Kenscoff		HT	2
Kapshagay		KZ	2
Khairābād	Khairabad	IN	2
Kaarst		DE	2
Kannad		IN	2
Kitob		UZ	2
Kikinda		RS	2
Kātol	Katol	IN	2
Korenovsk		RU	2
Kyshtym		RU	2
Kijang		ID	2
Konongo		GH	2
Kasba Tadla		MA	2
Korāput	Koraput	IN	2
Königswinter	Koenigswinter	DE	2
Kannabechō-yahiro	Kannabecho-yahiro	JP	2
Komono		JP	2
Kansanshi		ZM	2
Kearny		US	2
Kotovs’k	Kotovs'k	UA	2
Kālia	Kalia	BD	2
Kallakkurichchi		IN	2
Kovvūr	Kovvur	IN	2
Kayan		MM	2
Kiffa		MR	2
Kirchheim unter Teck		DE	2
Kashira		RU	2
Khairpur		PK	2
Korkino		RU	2
Kirovs’k	Kirovs'k	UA	2
Kuznetsovs’k	Kuznetsovs'k	UA	2
Kolomyagi		RU	2
Kampong Pangkal Kalong		MY	2
Kameyama		JP	2
Ksar Hellal		TN	2
Kobayashi		JP	2
Knurów	Knurow	PL	2
Keller		US	2
Karasu		TR	2
Kamp-Lintfort		DE	2
Kuala Kangsar		MY	2
Kirov		RU	2
Kaya		BF	2
Kirkby		GB	2
Khalābat	Khalabat	PK	2
Kavadarci		MK	2
Kondapalle		IN	2
Klebang Besar		MY	2
Kailua		US	2
Kuroishi		JP	2
Krian		ID	2
Kandalaksha		RU	2
Kunnamangalam		IN	2
Kot Mūmin	Kot Mumin	PK	2
Kumhāri	Kumhari	IN	2
Khambhāliya	Khambhaliya	IN	2
Kamiiso		JP	2
Kalutara		LK	2
Khirdalan		AZ	2
Kapiri Mposhi		ZM	2
Karatau		KZ	2
Kekri		IN	2
Kampung Ayer Keroh		MY	2
Kawanoechō	Kawanoecho	JP	2
Kulebaki		RU	2
Kwidzyn		PL	2
Kotamangalam		IN	2
Kidatu		TZ	2
Kasulu		TZ	2
Köniz	Koniz	CH	2
Kalinkavichy		BY	2
Kitakata		JP	2
Kanekomachi		JP	2
Kabare		CD	2
Kampene		CD	2
Kranj		SI	2
Kakhovka		UA	2
Kawm Ḩamādah	Kawm Hamadah	EG	2
Katsina-Ala		NG	2
Kampung Baharu Nilai		MY	2
Kambove		CD	2
Kampli		IN	2
Kantharalak		TH	2
Kanie		JP	2
Kozáni	Kozani	GR	2
Keizer		US	2
Kempen		DE	2
Komárno	Komarno	SK	2
Koumra		TD	2
Kestel		TR	2
Kayalpattinam		IN	2
Kendall West		US	2
Kanda		JP	2
Kahama		TZ	2
Kidodi		TZ	2
Kraśnik	Krasnik	PL	2
Kericho		KE	2
Kearns		US	2
Kumo		NG	2
Kakrāla	Kakrala	IN	2
Kualakapuas		ID	2
Kyŏngsŏng	Kyongsong	KP	2
Kovūr	Kovur	IN	2
Kaminoyama		JP	2
Kokkola		FI	2
Kundiān	Kundian	PK	2
Kajaani		FI	2
Kasimov		RU	2
Khurriānwāla	Khurrianwala	PK	2
Kawardha		IN	2
Korsakov		RU	2
Kodaikānāl	Kodaikanal	IN	2
Kafr Şaqr	Kafr Saqr	EG	2
Kodīnar	Kodinar	IN	2
Kichha		IN	2
Kathu		TH	2
Kalmar		SE	2
Kāne‘ohe	Kane'ohe	US	2
Kattivākkam	Kattivakkam	IN	2
King's Lynn		GB	2
Karjat		IN	2
Karabulak		RU	2
Kondopoga		RU	2
Kinel’	Kinel'	RU	2
Kunwi		KR	2
Kochani		MK	2
Katsuren-haebaru		JP	2
Kodungallūr	Kodungallur	IN	2
Karonga		MW	2
Kushva		RU	2
Kehl		DE	2
Kakata		LR	2
Køge	Koge	DK	2
Knokke-Heist		BE	2
Kashmor		PK	2
Krasnoznamensk		RU	2
Kalāleh	Kalaleh	IR	2
Kuala Tungkal		ID	2
Kelīshād va Sūdarjān	Kelishad va Sudarjan	IR	2
Korba		TN	2
Khawr Fakkān	Khawr Fakkan	AE	2
Kopāganj	Kopaganj	IN	2
Kāman	Kaman	IN	2
Kandana		LK	2
Kizilyurt		RU	2
Korschenbroich		DE	2
Kunigal		IN	2
Kampong Speu		KH	2
Kakuda		JP	2
Kosamba		IN	2
Kapan		AM	2
Koh Kong		KH	2
Kirando		TZ	2
Kotovsk		RU	2
Kadūr	Kadur	IN	2
Kirkkonummi		FI	2
Kaimganj		IN	2
Kardítsa	Karditsa	GR	2
Kameda-honchō	Kameda-honcho	JP	2
Kholmsk		RU	2
Khewra		PK	2
Kuroda		JP	2
Königs Wusterhausen	Koenigs Wusterhausen	DE	2
Kupjansk		UA	2
Ken Caryl		US	2
Kashima		JP	2
Kazincbarcika		HU	2
Kudat		MY	2
Karamsad		IN	2
Karlskrona		SE	2
Kālka	Kalka	IN	2
Kristianstad		SE	2
Kumru		TR	2
Kamo		JP	2
Kurtalan		TR	2
Koupéla	Koupela	BF	2
Kyzyl-Kyya		KG	2
Kėdainiai	Kedainiai	LT	2
Kokrajhar		IN	2
Kimovsk		RU	2
Kongolo		CD	2
Karangasem		ID	2
Khāchrod	Khachrod	IN	2
Kolea		DZ	2
Kreuztal		DE	2
Kabacan		PH	2
Kotma		IN	2
Kiskunfélegyháza	Kiskunfelegyhaza	HU	2
Kópavogur	Kopavogur	IS	2
Khurai		IN	2
Kudymkar		RU	2
Khunti		IN	2
Kangayam		IN	2
Kutoarjo		ID	2
Kerava		FI	2
Karangampel		ID	2
Krabi		TH	2
Kāramadai	Karamadai	IN	2
Kuala Belait		BN	2
Kouvola		FI	2
Kičevo	Kicevo	MK	2
Kalgoorlie		AU	2
Kula		TR	2
Kwang Binh		VN	2
Kornwestheim		DE	2
Khairpur		PK	2
Kesabpur		BD	2
Kusŏng	Kusong	KP	2
Kachia		NG	2
Khārān	Kharan	PK	2
Kaminokawa		JP	2
Kearney		US	2
Krasnoperekops’k	Krasnoperekops'k	UA	2
Kyela		TZ	2
Korem		ET	2
Kirzhach		RU	2
Karamürsel	Karamursel	TR	2
Kostopil’	Kostopil'	UA	2
Khovd		MN	2
Keelakarai		IN	2
Kwinana		AU	2
Kakching		IN	2
Kemalpaşa	Kemalpasa	TR	2
Kaeng Khoi		TH	2
Khāngāh Dogrān	Khangah Dogran	PK	2
Khairpur Nathan Shāh	Khairpur Nathan Shah	PK	2
Kuah		MY	2
Kórinthos	Korinthos	GR	2
Khair		IN	2
Kibiti		TZ	2
Kifrī	Kifri	IQ	2
Kombissiri		BF	2
Kostomuksha		RU	2
Karpinsk		RU	2
Kuta		ID	2
Köneürgench	Koeneuergench	TM	2
Khorugh		TJ	2
Kolomenskoye		RU	2
Kur’yanovo	Kur'yanovo	RU	2
Kuskovo		RU	2
Kurye		KR	2
Kushchëvskaya	Kushchevskaya	RU	1
Kabalo		CD	1
Kisesa		TZ	1
Kennesaw		US	1
Karakoçan	Karakocan	TR	1
Kolín	Kolin	CZ	1
Kirovsk		RU	1
Kalpetta		IN	1
Kapotnya		RU	1
Kalavoor		IN	1
Kozluk		TR	1
Kefamenanu		ID	1
Kidsgrove		GB	1
Kasama		JP	1
Kendal		GB	1
Khed Brahma		IN	1
Kiskunhalas		HU	1
Kavajë	Kavaje	AL	1
Kalyandurg		IN	1
Krotoszyn		PL	1
Kampong Masjid Tanah		MY	1
Kroměříž	Kromeriz	CZ	1
Kamogawa		JP	1
Kaeng Khro		TH	1
Krimpen aan den IJssel		NL	1
Krasnoarmeyskaya		RU	1
Kokhma		RU	1
Kangdong-ŭp	Kangdong-up	KP	1
Kent		US	1
Kotagiri		IN	1
Kelaniya		LK	1
Köthen	Koethen	DE	1
Kuvandyk		RU	1
Kibondo		TZ	1
Kaman		TR	1
Karasuk		RU	1
Kurunegala		LK	1
Kisii		KE	1
Kartaly		RU	1
Kochubeyevskoye		RU	1
Kaffrine		SN	1
Kamaterón	Kamateron	GR	1
Kpandu		GH	1
Kraksaan		ID	1
Krasnyy Lyman		UA	1
Kandyagash		KZ	1
Kętrzyn	Ketrzyn	PL	1
Khmil’nyk	Khmil'nyk	UA	1
Kunjāh	Kunjah	PK	1
Koynanagar		IN	1
Kingman		US	1
Kevelaer		DE	1
Kyle		US	1
Kamyshlov		RU	1
Khust		UA	1
Kumta		IN	1
Kasangulu		CD	1
Kłodzko	Klodzko	PL	1
Ksour Essaf		TN	1
Kolpashevo		RU	1
Kibre Mengist		ET	1
Kalakkādu	Kalakkadu	IN	1
Klungkung		ID	1
Kurihashi		JP	1
Khashuri		GE	1
Kareli		IN	1
Kasamwa		TZ	1
Krychaw		BY	1
Kondagaon		IN	1
Kotel’nich	Kotel'nich	RU	1
Kulmbach		DE	1
Kirkwood		US	1
Kirkby in Ashfield		GB	1
Kankakee		US	1
Kalach-na-Donu		RU	1
Königsbrunn	Konigsbrunn	DE	1
Kharagpur		IN	1
Kālānwāli	Kalanwali	IN	1
Kaysville		US	1
Kayyerkan		RU	1
Kalamb		IN	1
Krasnoural’sk	Krasnoural'sk	RU	1
Kundarkhi		IN	1
Katsuyama		JP	1
Kırkağaç	Kirkagac	TR	1
Kotdwāra	Kotdwara	IN	1
Kotovo		RU	1
Karlskoga		SE	1
Kasba		IN	1
Komló	Komlo	HU	1
Kulittalai		IN	1
Kelkheim (Taunus)		DE	1
Kandiāro	Kandiaro	PK	1
Kunri		PK	1
Kemrī	Kemri	IN	1
Kalāt	Kalat	PK	1
Kartārpur	Kartarpur	IN	1
Kyrenia		CY	1
Karhal		IN	1
Kikuchi		JP	1
Kulp		TR	1
Kapellen		BE	1
Kaisarianí	Kaisariani	GR	1
Kongoussi		BF	1
Kahului		US	1
Kheri		IN	1
Kālāvad	Kalavad	IN	1
Kokopo		PG	1
Kināna	Kinana	SD	1
Kingsville		US	1
Karera		IN	1
Kukshi		IN	1
Kānker	Kanker	IN	1
Kluczbork		PL	1
Kokologo		BF	1
Kinwat		IN	1
Kubinka		RU	1
Kālol	Kalol	IN	1
Kaltan		RU	1
Koregaon		IN	1
Kāndla	Kandla	IN	1
Krasnoarmeysk		RU	1
Kushikino		JP	1
Krasnoarmeysk		RU	1
Kaniv		UA	1
Khajurāho	Khajuraho	IN	1
Kozyatyn		UA	1
Karor		PK	1
Kot Diji		PK	1
K’olīto	K'olito	ET	1
Koprivnica		HR	1
Kalūr Kot	Kalur Kot	PK	1
Kamba		NG	1
Krnov		CZ	1
Kariba		ZW	1
Kireyevsk		RU	1
Kallidaikurichchi		IN	1
Koelwār	Koelwar	IN	1
Kāgal	Kagal	IN	1
Kuttampuzha		IN	1
Kamimaruko		JP	1
Kārkala	Karkala	IN	1
Kokstad		ZA	1
Kadakkavoor		IN	1
Kithor		IN	1
Kinzan		KR	1
Kaélé	Kaele	CM	1
Kağızman	Kagizman	TR	1
Korostyshiv		UA	1
Kanigiri		IN	1
Karoi		ZW	1
Katima Mulilo		NA	1
Kriens		CH	1
Knjazevac		RS	1
Kabaty		PL	1
Kolasib		IN	1
Koper		SI	1
Kunda		IN	1
Kānth	Kanth	IN	1
Klosterneuburg		AT	1
Kosan		KP	1
Kabrāi	Kabrai	IN	1
Kheda		IN	1
Kafr Nubl		SY	1
Kut Chap		TH	1
Kakonko		TZ	1
Kirovsk		RU	1
Kabarnet		KE	1
Key West		US	1
Kailāras	Kailaras	IN	1
Kingstown		VC	1
Korbach		DE	1
Kānt	Kant	IN	1
Kertih		MY	1
Kamojimachō-jōgejima	Kamojimacho-jogejima	JP	1
Kangasala		FI	1
Krishnarājpet	Krishnarajpet	IN	1
Kushtagi		IN	1
Kumbalam		IN	1
Krolevets’	Krolevets'	UA	1
Kościan	Koscian	PL	1
Kalachinsk		RU	1
Kamīr	Kamir	PK	1
Keystone		US	1
Kourou		GF	1
Kottūru	Kotturu	IN	1
Krems an der Donau		AT	1
Koulikoro		ML	1
Kalianget		ID	1
Kingston		US	1
Kazan		TR	1
Kew		AU	1
Kelkit		TR	1
Kemisē	Kemise	ET	1
Kitahama		JP	1
Khromtau		KZ	1
Kaseda-shirakame		JP	1
Kharakvasla		IN	1
Kibaha		TZ	1
Kreminna		UA	1
Kiomboi		TZ	1
Kondoa		TZ	1
Koło	Kolo	PL	1
Keshorai Pātan	Keshorai Patan	IN	1
Kopřivnice	Koprivnice	CZ	1
Kabanovo		RU	1
Keene		US	1
Khātegaon	Khategaon	IN	1
Kamalasai		TH	1
Kościerzyna	Koscierzyna	PL	1
Kitsuki		JP	1
Koothanallur		IN	1
Kroya		ID	1
Khandela		IN	1
Kurduvādi	Kurduvadi	IN	1
Kernersville		US	1
Klatovy		CZ	1
Kuchaiburi		IN	1
Kurinjippādi	Kurinjippadi	IN	1
Kamiichi		JP	1
Kajiki		JP	1
Kovancılar	Kovancilar	TR	1
Kūdligi	Kudligi	IN	1
Kot Samāba	Kot Samaba	PK	1
Khāndbāri	Khandbari	NP	1
Kutiatodu		IN	1
Karhula		FI	1
Kingori		TZ	1
Karmāla	Karmala	IN	1
Kalk		DE	1
Kenilworth		GB	1
Kalamnūri	Kalamnuri	IN	1
Koz’modem’yansk	Koz'modem'yansk	RU	1
Keysborough		AU	1
Kampot		KH	1
Kirovgrad		RU	1
Kasamatsuchō	Kasamatsucho	JP	1
Kemi		FI	1
Kahūta	Kahuta	PK	1
Kamal		ID	1
Karakul’	Karakul'	UZ	1
Kafr Takhārīm	Kafr Takharim	SY	1
Kulāchi	Kulachi	PK	1
Karcag		HU	1
Kerrville		US	1
Kétou	Ketou	BJ	1
Katsuura		JP	1
Karlshorst		DE	1
Khānpur	Khanpur	PK	1
Kretinga		LT	1
Kigonsera		TZ	1
Kailāshahar	Kailashahar	IN	1
Kushima		JP	1
Kozakai-chō	Kozakai-cho	JP	1
Kūmher	Kumher	IN	1
Kaiama		NG	1
Khanu Woralaksaburi		TH	1
Kafr Zaytā	Kafr Zayta	SY	1
Kafr Lāhā	Kafr Laha	SY	1
Kapfenberg		AT	1
Kizel		RU	1
Kuchera		IN	1
Kanganpur		PK	1
Kiliya		UA	1
Kebonarun		ID	1
Kamienna Góra	Kamienna Gora	PL	1
Kayunga		UG	1
Khadyzhensk		RU	1
Kaarina		FI	1
Karak City		JO	1
Kinston		US	1
Karben		DE	1
Karanpur		IN	1
Kilkenny		IE	1
Kodamachō-kodamaminami	Kodamacho-kodamaminami	JP	1
Keszthely		HU	1
Kowŏn-ŭp	Kowon-up	KP	1
Kasrāwad	Kasrawad	IN	1
Karuri		KE	1
Kotli Lohārān	Kotli Loharan	PK	1
Krasnohrad		UA	1
Kovylkino		RU	1
Kežmarok	Kezmarok	SK	1
Kurandvād	Kurandvad	IN	1
Kitzingen		DE	1
Kiwira		TZ	1
Kharkhauda		IN	1
Krujë	Kruje	AL	1
Kutná Hora	Kutna Hora	CZ	1
Kungälv	Kungalv	SE	1
Kiambu		KE	1
Kuang		MY	1
Khvānsār	Khvansar	IR	1
Katrineholm		SE	1
Koksijde		BE	1
Kantābānji	Kantabanji	IN	1
Kiraoli		IN	1
Kremenets’	Kremenets'	UA	1
Keswick		CA	1
Kīsh	Kish	IR	1
Kurchaloy		RU	1
Kot Ghulām Muhammad	Kot Ghulam Muhammad	PK	1
Kīhei	Kihei	US	1
Khot'kovo		RU	1
Kisai		JP	1
Klamath Falls		US	1
Крива Паланка	Kriva Palanka	MK	1
Kaikalūr	Kaikalur	IN	1
Końskie	Konskie	PL	1
Kherālu	Kheralu	IN	1
Kurakhovo		UA	1
Kuzhithurai		IN	1
Kawambwa		ZM	1
Kishtwār	Kishtwar	IN	1
Kanniyākumāri	Kanniyakumari	IN	1
Kuchinarai		TH	1
Komatipoort		ZA	1
Kirkland		CA	1
Karaçoban	Karacoban	TR	1
Korkuteli		TR	1
Kenmore		US	1
Kirguli		UZ	1
Kalach		RU	1
Kapsan-ŭp	Kapsan-up	KP	1
Kontich		BE	1
Kanaya		JP	1
Karachayevsk		RU	1
Kwale		NG	1
Kabin Buri		TH	1
Kant		KG	1
Kiryas Joel		US	1
Kanzakimachi-kanzaki		JP	1
Kaimori		IN	1
Katghora		IN	1
Kürten	Kurten	DE	1
Khairāgarh	Khairagarh	IN	1
Kasongo-Lunda		CD	1
Khowai		IN	1
Katwijk aan Zee		NL	1
Krestovskiy ostrov		RU	1
Kastanayevo		RU	1
Khosta		RU	1
Kempston Hardwick		GB	1
Kingswinford		GB	1
Kratié	Kratie	KH	1
Karlovo		BG	1
Kampong Thom		KH	1
King of Prussia		US	1
Kalispell		US	1
Kebili		TN	1
Kempston		GB	1
Kuppam		IN	1
Kulu		IN	1
Kusa		RU	1
Krasyliv		UA	1
Kiratu		TZ	1
Kattanam		IN	1
Kogota		JP	1
Karachev		RU	1
Kaltenkirchen		DE	1
Kivsharivka		UA	1
Kilkís	Kilkis	GR	1
Karnobat		BG	1
Khāngarh	Khangarh	PK	1
Kāpren	Kapren	IN	1
Komárom	Komarom	HU	1
Kotel’nikovo	Kotel'nikovo	RU	1
Kuraymah		SD	1
Krasnystaw		PL	1
Kibakwe		TZ	1
Kujang-ŭp	Kujang-up	KP	1
Kovdor		RU	1
Kuala Pilah		MY	1
Kozel’sk	Kozel'sk	RU	1
Kirkintilloch		GB	1
Kayanza		BI	1
Kabanga		TZ	1
Kuju		IN	1
Kalmeshwar		IN	1
Katav-Ivanovsk		RU	1
Kalynivka		UA	1
Kudachi		IN	1
Kęty	Kety	PL	1
Kos		GR	1
Kampong Kadok		MY	1
Kuala Kedah		MY	1
Kodarmā	Kodarma	IN	1
Kurovskoye		RU	1
Konnūr	Konnur	IN	1
Koropí	Koropi	GR	1
Kawasaki		JP	1
Kyurdarmir		AZ	1
Kihangara		TZ	1
Kampar		MY	1
Kirandul		IN	1
Kui Buri		TH	1
Korsun’-Shevchenkivs’kyy	Korsun'-Shevchenkivs'kyy	UA	1
Kruisfontein		ZA	1
Kulpahār	Kulpahar	IN	1
Kharmanli		BG	1
Konstantinovsk		RU	1
Kimbe		PG	1
Karow		DE	1
Kari		NG	1
Kotido		UG	1
Kadaň	Kadan	CZ	1
Kungsbacka		SE	1
Kalininsk		RU	1
Kozienice		PL	1
Kaulsdorf		DE	1
Kyenjojo		UG	1
Kobuleti		GE	1
Khārupatia	Kharupatia	IN	1
Khon Buri		TH	1
Katoomba		AU	1
Kaset Wisai		TH	1
Kaka		TM	1
Khao Yoi		TH	1
Khirkiyān	Khirkiyan	IN	1
Karasuyama		JP	1
Kolkhozobod		TJ	1
Kyakhta		RU	1
Katerero		TZ	1
Kamogatachō-kamogata	Kamogatacho-kamogata	JP	1
Kreuzau		DE	1
Kinel’-Cherkassy	Kinel'-Cherkassy	RU	1
Kākori	Kakori	IN	1
Kotel’niki	Kotel'niki	RU	1
Krapkowice		PL	1
Kamenz		DE	1
Kharsia		IN	1
Kronach		DE	1
Kalocsa		HU	1
Kharabali		RU	1
Kisvárda	Kisvarda	HU	1
Kierspe		DE	1
Krasnovishersk		RU	1
Kuçovë	Kucove	AL	1
Karlshamn		SE	1
Kiruna		SE	1
Koungou		YT	1
Kostrzyn nad Odrą	Kostrzyn nad Odra	PL	1
Kafir Qala		AF	1
Korntal		DE	1
Keta		GH	1
Kingstown Park		VC	1
Kesinga		IN	1
Kızılcahamam	Kizilcahamam	TR	1
Kirsanov		RU	1
Kabala		SL	1
Kawage		JP	1
Kireka		UG	1
Kolbermoor		DE	1
Kurtamysh		RU	1
Kerūr	Kerur	IN	1
Kédougou	Kedougou	SN	1
Karlsfeld		DE	1
Kasli		RU	1
Khasab		OM	1
Kleinmachnow		DE	1
Konz		DE	1
Kurayyimah		JO	1
Kristinehamn		SE	1
Kosaya Gora		RU	1
Kukës	Kukes	AL	1
Katangi		IN	1
Kara Suu		KG	1
Kortenberg		BE	1
Kasterlee		BE	1
Kedrovka		RU	1
Kronberg		DE	1
Kalānaur	Kalanaur	IN	1
Kiyawa		NG	1
Kongsberg		NO	1
Kobyłka	Kobylka	PL	1
Kreuzlingen		CH	1
Kundgol		IN	1
Kafr Kannā	Kafr Kanna	IL	1
Kodoli		IN	1
Kampung Simpang Renggam		MY	1
Kirksville		US	1
Kholmskiy		RU	1
Kalmthout		BE	1
Karukh		AF	1
Konstantynów Łódzki	Konstantynow Lodzki	PL	1
Kuusamo		FI	1
Kralupy nad Vltavou		CZ	1
Kantyshevo		RU	1
Kommunar		RU	1
Kafr Qāsim	Kafr Qasim	IL	1
Kemer		TR	1
Kings Park		US	1
Killingly Center		US	1
Kangaba		ML	1
Karlivka		UA	1
Khānāpur	Khanapur	IN	1
Kibara		TZ	1
Kayar		SN	1
Khetri		IN	1
Korsholm		FI	1
Kolāras	Kolaras	IN	1
Kamwenge		UG	1
Kondrovo		RU	1
Kepala Batas		MY	1
Kudepsta		RU	1
Kalodzishchy		BY	1
Kaset Sombun		TH	1
Kushk		AF	1
Kavalerovo		RU	1
Kyzyl-Suu		KG	1
Krasnoobsk		RU	1
Khŭjaobod	Khujaobod	UZ	1
Kutiyāna	Kutiyana	IN	1
Konārka	Konarka	IN	1
Kukmor		RU	1
Kristiansund		NO	1
Kadod		IN	1
Korgan		TR	1
Koāth	Koath	IN	1
Kānke	Kanke	IN	1
Korrewegwijk		NL	1
Köping	Koping	SE	1
Kashin		RU	1
Kysucké Nové Mesto	Kysucke Nove Mesto	SK	1
Kumagunnam		NG	1
Konstancin-Jeziorna		PL	1
Kivertsi		UA	1
Khātra	Khatra	IN	1
Kochenëvo	Kochenevo	RU	1
Königslutter am Elm	Koenigslutter am Elm	DE	1
Khilchipur		IN	1
Kātpādi	Katpadi	IN	1
Kampung Tanjung Karang		MY	1
Kumbhrāj	Kumbhraj	IN	1
Kirchhain		DE	1
Kishapu		TZ	1
Kāleke Mandi	Kaleke Mandi	PK	1
Khada		IN	1
Kirchlengern		DE	1
Kupino		RU	1
Kloten		CH	1
Kulgam		IN	1
Kitama		TZ	1
Kamalganj		IN	1
Koulamoutou		GA	1
Kamyzyak		RU	1
Kyabé	Kyabe	TD	1
Krasnogvardeyskoye		RU	1
Kosovo Polje		XK	1
Künzell	Kunzell	DE	1
Kufstein		AT	1
Kukawa		NG	1
Kilwinning		GB	1
Kālābāgh	Kalabagh	PK	1
Kitui		KE	1
Konjic		BA	1
Kingsland		US	1
Kalundborg		DK	1
Keynsham		GB	1
Kannod		IN	1
Kamar Mushāni	Kamar Mushani	PK	1
Komsomol’s’ke	Komsomol's'ke	UA	1
Kāmākhyānagar	Kamakhyanagar	IN	1
Kallar Kahār	Kallar Kahar	PK	1
Kapit		MY	1
Kankauli		IN	1
Khairāgarh	Khairagarh	IN	1
Kelheim		DE	1
Kinarut		MY	1
Khatīma	Khatima	IN	1
Kamachumu		TZ	1
Kodinsk		RU	1
Königstein im Taunus	Konigstein im Taunus	DE	1
Karabash		RU	1
Kataysk		RU	1
Khūtār	Khutar	IN	1
Karabanovo		RU	1
Keetmanshoop		NA	1
Kotā	Kota	IN	1
Kampung Ayer Molek		MY	1
Kotapārh	Kotaparh	IN	1
Kaukauna		US	1
Kosigi		IN	1
Kuala Lipis		MY	1
Kalghatgi		IN	1
Kenmore		US	1
Kalugumalai		IN	1
Kachhwa		IN	1
Kamenjane		MK	1
Kulunda		RU	1
Katangi		IN	1
Kāthor	Kathor	IN	1
Kadınhanı	Kadinhani	TR	1
Keruguya		KE	1
Kidlington		GB	1
Karlstadt		DE	1
Khuldābād	Khuldabad	IN	1
Kuna		US	1
Khao Wong		TH	1
Khāpa	Khapa	IN	1
Korwai		IN	1
Khāsh	Khash	AF	1
Kenda		IN	1
Kiskőrös	Kiskoros	HU	1
Kocaali		TR	1
Künzelsau	Kuenzelsau	DE	1
Kriel		ZA	1
Klášterec nad Ohří	Klasterec nad Ohri	CZ	1
Korsør	Korsor	DK	1
Khetia		IN	1
Khamaria		IN	1
Kafr Mandā	Kafr Manda	IL	1
Kartuzy		PL	1