Buenos Aires		AR	871
Beijing		CN	781
Bogotá	Bogota	CO	511
Baghdad		IQ	481
Bangkok		TH	340
Bengaluru		IN	340
Busan		KR	245
Berlin		DE	228
Basrah		IQ	173
Belo Horizonte		BR	158
Brooklyn		US	153
Borough of Queens		US	151
Brasília	Brasilia	BR	147
Brisbane		AU	145
Beirut		LB	127
Bucharest		RO	125
Budapest		HU	116
Bandung		ID	113
Barcelona		ES	108
Bhopal		IN	106
Bekasi		ID	101
Bursa		TR	94
Belém	Belem	BR	93
Barranquilla		CO	92
Baotou		CN	86
Bamako		ML	86
Brazzaville		CG	85
Budta		PH	84
Belgrade		RS	84
Benin City		NG	75
Baku		AZ	74
Brussels		BE	67
Baoding		CN	66
Benxi		CN	65
Birmingham		GB	65
Bishkek		KG	60
Bucheon-si		KR	56
Barquisimeto		VE	53
Bandar Lampung		ID	53
Bogor		ID	53
Boumerdas		DZ	52
Bhubaneshwar		IN	50
Bareilly		IN	49
Bağcılar	Bagcilar	TR	48
Bhiwandi		IN	47
Bulawayo		ZW	46
Benghazi		LY	43
Bhilai		IN	41
Baltimore		US	41
Boston		US	41
Borivli		IN	40
Benoni		ZA	40
Barnaul		RU	39
Blantyre		MW	38
Bahçelievler	Bahcelievler	TR	38
Bengbu		CN	38
Bīkaner	Bikaner	IN	38
Banjarmasin		ID	38
Bucaramanga		CO	38
Bouaké	Bouake	CI	37
Bhāvnagar	Bhavnagar	IN	36
Bahāwalpur	Bahawalpur	PK	36
Bremen		DE	36
Banqiao		TW	36
Bangui		CF	36
Beira		MZ	35
Bhayandar		IN	34
Bilimora		IN	34
Bhātpāra	Bhatpara	IN	32
Belford Roxo		BR	31
Bloemfontein		ZA	30
Bacolod City		PH	30
Boksburg		ZA	29
Bei’an	Bei'an	CN	29
Balikpapan		ID	28
Brampton		CA	28
Bristol		GB	28
Belgaum		IN	28
Bryansk		RU	28
Barcelona		VE	28
Bratislava		SK	28
Bokāro	Bokaro	IN	27
Biên Hòa	Bien Hoa	VN	27
Bamenda		CM	26
Bello		CO	26
Buraydah		SA	26
Bissau		GW	25
Bochum		DE	25
Betim		BR	25
Batman		TR	25
Bochum-Hordel		DE	25
Brno		CZ	24
Bydgoszcz		PL	24
Bologna		IT	24
Bhāgalpur	Bhagalpur	IN	24
Bobo-Dioulasso		BF	24
Bacoor		PH	23
Benito Juarez		MX	23
Bilbao		ES	23
Barinas		VE	23
Bandar Abbas		IR	23
Bakersfield		US	23
Belgorod		RU	23
Bhimbar		PK	22
Bellary		IN	22
Bauru		BR	22
Bielefeld		DE	22
Bujumbura		BI	22
Bhīlwāra	Bhilwara	IN	21
Brahmapur		IN	21
Baicheng		CN	21
Bauchi		NG	21
Bonn		DE	20
Botshabelo		ZA	20
Bengkulu		ID	20
Butuan		PH	20
Biskra		DZ	20
Brakpan		ZA	20
Barddhamān	Barddhaman	IN	20
Brest		BY	20
Batikent		TR	20
Bradford		GB	19
Bārāsat	Barasat	IN	19
Bāli	Bali	IN	19
Blumenau		BR	19
Białystok	Bialystok	PL	19
Bafoussam		CM	19
Beihai		CN	19
Bilāspur	Bilaspur	IN	18
Batna		DZ	18
Bari		IT	18
Bahía Blanca	Bahia Blanca	AR	18
Braşov	Brasov	RO	18
Bab Ezzouar		DZ	18
Belfast		GB	18
Baguio		PH	18
Bijapur		IN	18
Buffalo		US	17
Baranagar		IN	17
Bratsk		RU	17
Barueri		BR	16
Borūjerd	Borujerd	IR	16
Banda Aceh		ID	16
Bukhara		UZ	16
Braunschweig		DE	16
Bago		MM	16
Bihār	Bihar	IN	16
Baruta		VE	16
Bhatinda		IN	16
Berbera		SO	16
Buenaventura		CO	16
Balıkesir	Balikesir	TR	15
Bārāsat	Barasat	IN	15
Batangas		PH	15
Boa Vista		BR	15
Bordeaux		FR	15
Baton Rouge		US	15
Bharatpur		IN	15
Binjai		ID	15
Bexley		GB	15
Bukavu		CD	15
Blagoveshchensk		RU	14
Banja Luka		BA	14
Babruysk		BY	14
Badalona		ES	14
Binangonan		PH	14
Bertoua		CM	14
Biysk		RU	14
Bergen		NO	14
Brăila	Braila	RO	14
Būkān	Bukan	IR	14
Bukit Mertajam		MY	14
Birmingham		US	14
Bogra		BD	14
Buenavista		MX	13
Bīdar	Bidar	IN	13
Bayamón	Bayamon	PR	13
Burnaby		CA	13
Bābol	Babol	IR	13
Burhānpur	Burhanpur	IN	13
Barisāl	Barisal	BD	13
Balakovo		RU	13
Bila Tserkva		UA	13
Bulandshahr		IN	13
Bīrjand	Birjand	IR	13
Burgas		BG	13
Başakşehir	Basaksehir	TR	12
Bayamo		CU	12
Bojnūrd	Bojnurd	IR	12
Barrancabermeja		CO	12
Bhiwāni	Bhiwani	IN	12
Banī Suwayf	Bani Suwayf	EG	12
Bytom		PL	12
Boyeros		CU	12
Baiyin		CN	12
Beersheba		IL	12
Brescia		IT	12
Būrewāla	Burewala	PK	12
Baishan		CN	12
Bhusāval	Bhusaval	IN	12
Blida		DZ	12
Birātnagar	Biratnagar	NP	12
Bahraigh		IN	12
Barrie		CA	12
Baharampur		IN	12
Burgos		ES	11
Bielsko-Biala		PL	11
Bella Vista		DO	11
Brownsville		US	11
Bo		SL	11
Bozhou		CN	11
Bhind		IN	11
Bata		GQ	11
Bida		NG	11
Bacău	Bacau	RO	11
Bahir Dar		ET	11
Baranovichi		BY	11
Bordj Bou Arreridj		DZ	11
Berezniki		RU	11
Breda		NL	11
Banhā	Banha	EG	11
Beni Mellal		MA	11
Bandar-e Būshehr	Bandar-e Bushehr	IR	11
Banjaran		ID	10
Basel		CH	10
Burlington		CA	10
Bejaïa	Bejaia	DZ	10
Barra Mansa		BR	10
Bhadrāvati	Bhadravati	IN	10
Bournemouth		GB	10
Büyükçekmece	Bueyuekcekmece	TR	10
Budaun		IN	10
Bawshar		OM	10
Bibirevo		RU	10
Barreiras		BR	10
Batu Pahat		MY	10
Beipiao		CN	10
Butembo		CD	10
Bené Beraq	Bene Beraq	IL	10
Bahādurgarh	Bahadurgarh	IN	10
Boshan		CN	10
Bharūch	Bharuch	IN	10
Baqubah		IQ	10
Bānda	Banda	IN	10
Bảo Lộc	Bao Loc	VN	10
Bintulu		MY	10
Benguela		AO	10
Battambang		KH	10
Bago City		PH	10
Balashikha		RU	10
Badajoz		ES	9
Bārākpur	Barakpur	IN	9
Kreuzberg	Bezirk Kreuzberg	DE	9
Buôn Ma Thuột	Buon Ma Thuot	VN	9
Boise		US	9
Batāla	Batala	IN	9
Brest		FR	9
Bridgeport		US	9
Biryulëvo	Biryulevo	RU	9
Béchar	Bechar	DZ	9
Blackpool		GB	9
Bhīmavaram	Bhimavaram	IN	9
Bālurghāt	Balurghat	IN	9
Bolton		GB	9
Budapest XI. kerület	Budapest XI. keruelet	HU	9
Brighton		GB	9
Baia Mare		RO	9
Bitung		ID	9
Bhisho		ZA	9
Baia Mare		RO	9
Baliuag		PH	9
Buguma		NG	9
Bielany		PL	8
Baturaja		ID	8
Bānkura	Bankura	IN	8
Bhuj		IN	8
Bīrganj	Birganj	NP	8
Blitar		ID	8
Bulaon		PH	8
Buzău	Buzau	RO	8
Beāwar	Beawar	IN	8
Baidoa		SO	8
Bimbo		CF	8
Bilbays		EG	8
Bat Yam		IL	8
Besançon	Besancon	FR	8
Bettiah		IN	8
Bahāwalnagar	Bahawalnagar	PK	8
Bahāwalnagar	Bahawalnagar	PK	8
Bragança Paulista	Braganca Paulista	BR	8
Bohicon		BJ	8
Beppu		JP	8
Bălţi	Balti	MD	8
Baoshan		CN	8
Budapest III. kerület	Budapest III. keruelet	HU	8
Ban Rangsit		TH	8
Bordj el Kiffan		DZ	8
Brits		ZA	8
Beylikdüzü	Beylikduezue	TR	8
Bellevue		US	8
Barbacena		BR	8
Batumi		GE	8
Bhadreswar		IN	8
Bern		CH	8
Braga		PT	8
Budapest XIV. kerület	Budapest XIV. keruelet	HU	8
Bangil		ID	8
Bottrop		DE	7
Bergedorf		DE	7
Beaumont		US	7
Berdyans’k	Berdyans'k	UA	7
Bandundu		CD	7
Bama		NG	7
Buga		CO	7
Bremerhaven		DE	7
Botād	Botad	IN	7
Brugge		BE	7
Berlin Schöneberg	Berlin Schoeneberg	DE	7
Binzhou		CN	7
Batang		ID	7
Baidyabāti	Baidyabati	IN	7
Bizerte		TN	7
Bastī	Basti	IN	7
Balkh		AF	7
Botoşani	Botosani	RO	7
Balasore		IN	7
Bergamo		IT	7
Botucatu		BR	7
Budapest XIII. kerület	Budapest XIII. keruelet	HU	7
Berkeley		US	7
Beibei		CN	7
Bangaon		IN	7
Bārsi	Barsi	IN	7
Bandar-e Anzalī	Bandar-e Anzali	IR	7
Bender		MD	7
Bataysk		RU	7
Boulogne-Billancourt		FR	7
Bānsbāria	Bansbaria	IN	7
Baghlān	Baghlan	AF	7
Banyuwangi		ID	7
Birnin Kebbi		NG	7
Bandırma	Bandirma	TR	7
Butterworth		MY	7
Bharatpur		NP	7
Buhe		CN	7
Bergisch Gladbach		DE	7
Blackburn		GB	7
Bhairab Bāzār	Bhairab Bazar	BD	7
Baraki		DZ	7
Barnāla	Barnala	IN	7
Bāneh	Baneh	IR	6
Badlapur		IN	6
Bishoftu		ET	6
Billings		US	6
Bagaha		IN	6
Bilqās	Bilqas	EG	6
Brandon		US	6
Burbank		US	6
Begusarai		IN	6
Bogorodskoye		RU	6
Belawan		ID	6
Bemowo		PL	6
Birigui		BR	6
Brateyevo		RU	6
Bethal		ZA	6
Bontang		ID	6
Basildon		GB	6
Barretos		BR	6
Bendigo		AU	6
Becontree		GB	6
Burao		SO	6
Bam		IR	6
Bhola		BD	6
Bolzano		IT	6
Bagé	Bage	BR	6
Broken Arrow		US	6
Barika		DZ	6
Bukittinggi		ID	6
Bocaue		PH	6
Bhadrakh		IN	6
Būndi	Bundi	IN	6
Bridgetown		BB	6
Barakaldo		ES	6
Budapest IV. kerület	Budapest IV. keruelet	HU	6
Balashov		RU	6
Ballarat		AU	6
Boulder		US	6
Bagalkot		IN	6
Born		NL	6
Bunia		CD	6
Bolu		TR	6
Basingstoke		GB	6
Buxar		IN	6
Bumba		CD	6
Boli		CN	6
Biu		NG	6
Berrechid		MA	6
Brockton		US	6
Baijiantan		CN	6
Bānswāra	Banswara	IN	6
Baraut		IN	6
Behshahr		IR	6
Barletta		IT	6
Bath		GB	6
Budapest XVIII. kerület	Budapest XVIII. keruelet	HU	6
Bafra		TR	6
Boyle Heights		US	6
Beni Mered		DZ	6
Ballālpur	Ballalpur	IN	6
Betūl	Betul	IN	6
Bugul’ma	Bugul'ma	RU	6
Butwāl	Butwal	NP	6
Bagaha		IN	6
Balāngīr	Balangir	IN	6
Bayeux		BR	6
Bento Gonçalves	Bento Goncalves	BR	6
Baise City		CN	6
Berdsk		RU	6
Bhandāra	Bhandara	IN	6
Beaverton		US	5
Beni		CD	5
Butare		RW	5
Bārmer	Barmer	IN	5
Białołeka	Bialoleka	PL	5
Banjar		ID	5
Biryulëvo Zapadnoye	Biryulevo Zapadnoye	RU	5
Budapest II. kerület	Budapest II. keruelet	HU	5
Brovary		UA	5
Brusque		BR	5
Balkanabat		TM	5
Brantford		CA	5
Buzuluk		RU	5
Barra do Piraí	Barra do Pirai	BR	5
Bārān	Baran	IN	5
Bhāi Pheru	Bhai Pheru	PK	5
Ban Mai		TH	5
Batticaloa		LK	5
Bedford		GB	5
Būsh	Bush	EG	5
Bojonegoro		ID	5
Bitola		MK	5
Bekobod		UZ	5
Berdychiv		UA	5
Borāzjān	Borazjan	IR	5
Babushkin		RU	5
Bāruni	Baruni	IN	5
Bijnor		IN	5
Boca Raton		US	5
Binonga		PH	5
Bethlehem		ZA	5
Bloomington		US	5
Bagamoyo		TZ	5
Banská Bystrica	Banska Bystrica	SK	5
Budapest VIII. kerület	Budapest VIII. keruelet	HU	5
Beckenham		GB	5
Bhakkar		PK	5
Birkenhead		GB	5
Barkā’	Barka'	OM	5
Balqash		KZ	5
Bistriţa	Bistrita	RO	5
Bellingham		US	5
Berkane		MA	5
Bafang		CM	5
Berrouaghia		DZ	5
Bingöl	Bingol	TR	5
Buena Park		US	5
Bloomington		US	5
Bālāghāt	Balaghat	IN	5
Bonāb	Bonab	IR	5
Baoying		CN	5
Budapest XV. kerület	Budapest XV. keruelet	HU	5
Bende		NG	5
Busto Arsizio		IT	5
Brājarājnagar	Brajarajnagar	IN	5
Behbahān	Behbahan	IR	5
Budapest X. kerület	Budapest X. keruelet	HU	5
Bwizibwera		UG	5
Bhadohi		IN	5
Brindisi		IT	5
Bang Kruai		TH	5
Budapest XVII. kerület	Budapest XVII. keruelet	HU	5
Brikama		GM	5
Bijie		CN	5
Bogenhausen		DE	5
Balrāmpur	Balrampur	IN	5
Bāramūla	Baramula	IN	5
Bend		US	5
Bellflower		US	5
Bloomington		US	5
Badagara		IN	5
Budapest XXI. kerület	Budapest XXI. keruelet	HU	5
Babahoyo		EC	5
Bryan		US	5
Baj Baj		IN	5
Birobidzhan		RU	5
Bracknell		GB	5
Bayramaly		TM	5
Brooklyn Park		US	5
Belovo		RU	5
Bodināyakkanūr	Bodinayakkanur	IN	5
Battersea		GB	5
Bihać	Bihac	BA	5
Battaramulla South		LK	5
Batu		ID	5
Baldwin Park		US	5
Bayreuth		DE	5
Bethlehem		US	4
Ben Arous		TN	4
Beidao		CN	4
Bhalwāl	Bhalwal	PK	4
Bismil		TR	4
Bosaso		SO	4
Béziers	Beziers	FR	4
Bela		IN	4
Bocholt		DE	4
Bodhan		IN	4
Badīn	Badin	PK	4
Burnley		GB	4
Bolingbrook		US	4
Bonao		DO	4
Belek		TR	4
Balanga		PH	4
Bali		CM	4
Beichengqu		CN	4
Bacabal		BR	4
Bothaville		ZA	4
Bebedouro		BR	4
Baytown		US	4
Birkhadem		DZ	4
Barnsley		GB	4
Blagoevgrad		BG	4
Bulacan		PH	4
Benidorm		ES	4
Bolpur		IN	4
Bundaberg		AU	4
Beypore		IN	4
Bukoba		TZ	4
Byumba		RW	4
Baiquan		CN	4
Beloretsk		RU	4
Bāpatla	Bapatla	IN	4
Bamberg		DE	4
Baykonyr		KZ	4
Bondowoso		ID	4
Brossard		CA	4
Bāsoda	Basoda	IN	4
Bafia		CM	4
Bogale		MM	4
Bir el Ater		DZ	4
Bargarh		IN	4
Borisoglebsk		RU	4
Binhe		CN	4
Budapest XVI. kerület	Budapest XVI. keruelet	HU	4
Bīsalpur	Bisalpur	IN	4
Bunbury		AU	4
Boynton Beach		US	4
Bālotra	Balotra	IN	4
Balsas		BR	4
Bir el Djir		DZ	4
Bourges		FR	4
Budënnovsk	Budennovsk	RU	4
Barberton		ZA	4
Belogorsk		RU	4
Bârlad	Barlad	RO	4
Bislig		PH	4
Bet Shemesh		IL	4
Buldāna	Buldana	IN	4
Bima		ID	4
Bajos de Haina		DO	4
Baní	Bani	DO	4
Bakıxanov	Bakixanov	AZ	4
Bellampalli		IN	4
Brixton		GB	4
Besbes		DZ	4
Bergen op Zoom		NL	4
Bamiantong		CN	4
Burdur		TR	4
Beidaihehaibin		CN	4
Basavakalyān	Basavakalyan	IN	4
Babu		CN	4
Bais		PH	4
Bognor Regis		GB	4
Bangangté	Bangangte	CM	4
Bianzhuang		CN	4
Békéscsaba	Bekescsaba	HU	4
Bāzārak	Bazarak	AF	4
Bongaigaon		IN	4
Bhawānipatna	Bhawanipatna	IN	4
Bandar Seri Begawan		BN	4
Bishnupur		IN	4
Basmat		IN	4
Baheri		IN	4
Baihe		CN	4
Bergheim		DE	4
Budapest XX. kerület	Budapest XX. keruelet	HU	4
Bhairāhawā	Bhairahawa	NP	4
Borås	Boras	SE	4
Bougara		DZ	4
Botou		CN	4
Bayonne		US	4
Baoqing		CN	4
Bełchatów	Belchatow	PL	4
Buynaksk		RU	4
Belebey		RU	4
Budapest VII. kerület	Budapest VII. keruelet	HU	4
Berekum		GH	4
Bangkalan		ID	4
Binzhou		CN	4
Bāmyān	Bamyan	AF	4
Bassar		TG	4
Berbérati	Berberati	CF	4
Budapest XIX. kerület	Budapest XIX. keruelet	HU	4
Budapest IX. kerület	Budapest IX. keruelet	HU	4
Belize City		BZ	4
Bossier City		US	4
Bismarck		US	4
Bury		GB	4
Bromma		SE	4
Barking		GB	4
Bouaflé	Bouafle	CI	4
Bethesda		US	4
Ban Lam Luk Ka		TH	4
Brentwood		US	4
Bor		RU	4
Bristol		US	4
Bangor		GB	4
Burnsville		US	4
Banfora		BF	4
Borsad		IN	4
Barabai		ID	4
Bensonhurst		US	4
Bangaon		IN	4
Boyolali		ID	3
Balagtas		PH	3
Brandenburg an der Havel		DE	3
Boufarik		DZ	3
Berlin Köpenick	Berlin Koepenick	DE	3
Bến Tre	Ben Tre	VN	3
Baki		ID	3
Bañga	Banga	PH	3
Benalmádena	Benalmadena	ES	3
Brookline		US	3
Bantul		ID	3
Bondoukou		CI	3
Będzin	Bedzin	PL	3
Banī Mazār	Bani Mazar	EG	3
Bowling Green		US	3
Baekrajan		ID	3
Bārdoli	Bardoli	IN	3
Bootle		GB	3
Ban Pong		TH	3
Biała Podlaska	Biala Podlaska	PL	3
Béja	Beja	TN	3
Bergama		TR	3
Blaine		US	3
Bragança	Braganca	BR	3
Baishishan		CN	3
Bayt Lāhyā	Bayt Lahya	PS	3
Bada Barabīl	Bada Barabil	IN	3
Bawku		GH	3
Berwyn		US	3
Borovichi		RU	3
Budapest XII. kerület	Budapest XII. keruelet	HU	3
Balaipungut		ID	3
Bankra		IN	3
Bāri	Bari	IN	3
Bungoma		KE	3
Broomfield		US	3
Bolvadin		TR	3
Basyūn	Basyun	EG	3
Besuki		ID	3
Buin		CL	3
Beledweyne		SO	3
Bozüyük	Bozuyuk	TR	3
Bayan		CN	3
Boryspil’	Boryspil'	UA	3
Berëzovskiy	Berezovskiy	RU	3
Bad Salzuflen		DE	3
Bandar Labuan		MY	3
Bowie		US	3
Boghni		DZ	3
Bartlett		US	3
Belfort		FR	3
Belorechensk		RU	3
Bolgatanga		GH	3
Bahlā’	Bahla'	OM	3
Baden-Baden		DE	3
Bārāmati	Baramati	IN	3
Bījār	Bijar	IR	3
Bỉm Sơn	Bim Son	VN	3
Bắc Giang	Bac Giang	VN	3
Blois		FR	3
Bisceglie		IT	3
Batac City		PH	3
Buguruslan		RU	3
Brive-la-Gaillarde		FR	3
Beauvais		FR	3
Banes		CU	3
Bartolomé Masó	Bartolome Maso	CU	3
Bagheria		IT	3
Buseresere		TZ	3
Bobbili		IN	3
Bandar-e Ganāveh	Bandar-e Ganaveh	IR	3
Borūjen	Borujen	IR	3
Barbil		IN	3
Blue Springs		US	3
Biswān	Biswan	IN	3
Bouïra	Bouira	DZ	3
Barra do Garças	Barra do Garcas	BR	3
Battle Creek		US	3
Bergkamen		DE	3
Ban Talat Yai		TH	3
Biguaçu	Biguacu	BR	3
Busia		KE	3
Batatais		BR	3
Bryanka		UA	3
Bad Homburg vor der Höhe	Bad Homburg vor der Hoehe	DE	3
Blora		ID	3
Bhātāpāra	Bhatapara	IN	3
Barry		GB	3
Bitonto		IT	3
Brentwood		US	3
Bezerros		BR	3
Barreiro		PT	3
Birine		DZ	3
Bunda		TZ	3
Beruniy		UZ	3
Buckeye		US	3
Barranqueras		AR	3
Batley		GB	3
Bingerville		CI	3
Budapest XXII. kerület	Budapest XXII. keruelet	HU	3
Bilhorod-Dnistrovs’kyy	Bilhorod-Dnistrovs'kyy	UA	3
Bletchley		GB	3
Bellevue		US	3
Buta		CD	3
Balayan		PH	3
Bhongīr	Bhongir	IN	3
Businovo		RU	3
Berlin Treptow		DE	3
Burlington		US	3
Belo Jardim		BR	3
Benevides		BR	3
Bārh	Barh	IN	3
Badūria	Baduria	IN	3
Bradenton		US	3
Bad Oeynhausen		DE	3
Belleville		CA	3
Bentong Town		MY	3
Bloomfield		US	3
Balneário Camboriú	Balneario Camboriu	BR	3
Bannu		PK	3
Brookhaven		US	3
Benevento		IT	3
Barra do Corda		BR	3
Barpeta		IN	3
Boituva		BR	3
Bhabhua		IN	3
Biel/Bienne		CH	3
Bornheim		DE	3
Banyumas		ID	3
Baracoa		CU	3
Bulungu		CD	3
Bondy		FR	3
Banting		MY	3
Bājil	Bajil	YE	3
Bayombong		PH	3
Buduran		ID	3
Birni N Konni		NE	3
Bābolsar	Babolsar	IR	3
Bhamo		MM	3
Bāruipur	Baruipur	IN	3
Barnstable		US	3
Bel Air South		US	3
Balung		ID	3
Brentwood		GB	3
Badulla		LK	3
Bedong		MY	3
Belaya Kalitva		RU	3
Binghamton		US	3
Barwāni	Barwani	IN	3
Buea		CM	3
Barrow in Furness		GB	3
Battipaglia		IT	3
Bail-Hongal		IN	3
Boulogne-sur-Mer		FR	3
Beryozovsky		RU	3
Bedford		US	3
Berat		AL	3
Braintree		GB	3
Blainville		CA	3
Breves		BR	3
Beni Saf		DZ	3
Bagong Pagasa		PH	3
Bani Walid		LY	3
Boca Chica		DO	3
Barranca		PE	3
Böblingen	Boeblingen	DE	3
Banstead		GB	3
Batu Gajah		MY	3
Bhaisa		IN	3
Bitlis		TR	3
Bat Khela		PK	3
Banbury		GB	3
Balfour		ZA	3
Bugo		PH	3
Bauta		CU	3
Burhānuddin	Burhanuddin	BD	3
Bhadrāchalam	Bhadrachalam	IN	3
Bünde	Buende	DE	3
Bourg-en-Bresse		FR	3
Beavercreek		US	3
Beveren		BE	3
Boudouaou		DZ	3
Bishops Stortford		GB	3
Bobigny		FR	2
Bhīmunipatnam	Bhimunipatnam	IN	2
Berwick		AU	2
Berastagi		ID	2
Beaufort West		ZA	2
Bambanglipuro		ID	2
Berriane		DZ	2
Belleville		US	2
Bridgewater		US	2
Beyşehir	Beysehir	TR	2
Bayonne		FR	2
Bluefields		NI	2
Birecik		TR	2
Boû Arfa	Bou Arfa	DZ	2
Brühl	Bruehl	DE	2
Baranoa		CO	2
Biloxi		US	2
Binmaley		PH	2
Bonita Springs		US	2
Batouri		CM	2
Basoko		CD	2
Bắc Ninh	Bac Ninh	VN	2
Barajas de Madrid		ES	2
Boadilla del Monte		ES	2
Bad Kreuznach		DE	2
Busia		UG	2
Bakau		GM	2
Barhiya		IN	2
Biella		IT	2
Bhīnmāl	Bhinmal	IN	2
Bangārapet	Bangarapet	IN	2
Bruchsal		DE	2
Basauri		ES	2
Bhātpāra Abhaynagar	Bhatpara Abhaynagar	BD	2
Bikramganj		IN	2
Blacksburg		US	2
Bountiful		US	2
Burlington		US	2
Bālāpur	Balapur	IN	2
Baturaden		ID	2
Bucha		UA	2
Baardheere		SO	2
Bilajari		AZ	2
Bustos		PH	2
Budapest VI. kerület	Budapest VI. keruelet	HU	2
Balad		IQ	2
Bell Gardens		US	2
Biaora		IN	2
Brumado		BR	2
Bautzen		DE	2
Ban Phaeo		TH	2
Besni		TR	2
Bietigheim-Bissingen		DE	2
Bāghpat	Baghpat	IN	2
Bar Bigha		IN	2
Bilāra	Bilara	IN	2
Basīrpur	Basirpur	PK	2
Bang Bua Thong		TH	2
Buffalo Grove		US	2
Bugojno		BA	2
Bartlett		US	2
Burke		US	2
Bharthana		IN	2
Birsk		RU	2
Bastia		FR	2
Beringen		BE	2
Borken		DE	2
Burla		IN	2
Banyo		CM	2
Bom Jesus da Lapa		BR	2
Bolesławiec	Boleslawiec	PL	2
Babijn		AW	2
Bayugan		PH	2
Bexhill-on-Sea		GB	2
Beverly Cove		US	2
Bom Despacho		BR	2
Bilecik		TR	2
Barmbek-Nord		DE	2
Bozoum		CF	2
Ban Na		TH	2
Balzar		EC	2
Blanes		ES	2
Burton upon Trent		GB	2
Balykchy		KG	2
Bloxwich		GB	2
Ballerup		DK	2
Bānsi	Bansi	IN	2
Billerica		US	2
Bīlāspur	Bilaspur	IN	2
Bhavāni	Bhavani	IN	2
Bang Lamung		TH	2
Bera		BD	2
Bullhead City		US	2
Beverly		US	2
Britz		DE	2
Banaybanay		PH	2
Brak		LY	2
Bensheim		DE	2
Bridgend		GB	2
Borlänge	Borlaenge	SE	2
Bor		RS	2
Bodrum		TR	2
Brea		US	2
Bāniyās	Baniyas	SY	2
Boucherville		CA	2
Blacktown		AU	2
Brčko	Brcko	BA	2
Bānka	Banka	IN	2
Bagneux		FR	2
Boundiali		CI	2
Buaran		ID	2
Bukama		CD	2
Beypazarı	Beypazari	TR	2
Barendrecht		NL	2
Bury St Edmunds		GB	2
Bougaa		DZ	2
Binalbagan		PH	2
Bhālki	Bhalki	IN	2
Buckow		DE	2
Burjassot		ES	2
Brzeg		PL	2
Bassano del Grappa		IT	2
Buxtehude		DE	2
Bherāmāra	Bheramara	BD	2
Bol’shoy Kamen’	Bol'shoy Kamen'	RU	2
Burhaniye		TR	2
Bhawāniganj	Bhawaniganj	IN	2
Bridgwater		GB	2
Brookfield		US	2
Bron		FR	2
Beckum		DE	2
Baniachang		BD	2
Bilāsipāra	Bilasipara	IN	2
Bremerton		US	2
Baja		HU	2
Bijeljina		BA	2
Bhādra	Bhadra	IN	2
Bantvāl	Bantval	IN	2
Beverwijk		NL	2
Baksan		RU	2
Braine-l'Alleud		BE	2
Bairāgnia	Bairagnia	IN	2
Bartın	Bartin	TR	2
Bāngarmau	Bangarmau	IN	2
Bindura		ZW	2
Buchholz in der Nordheide		DE	2
Bayt Ḩānūn	Bayt Hanun	PS	2
Barda		AZ	2
Bonoua		CI	2
Barauli		IN	2
Bozeman		US	2
Banjar		ID	2
Barra Bonita		BR	2
Bardsīr	Bardsir	IR	2
Brentwood		US	2
Bahía de Caráquez	Bahia de Caraquez	EC	2
Brasschaat		BE	2
Beberibe		BR	2
Bentota		LK	2
Beşikdüzü	Besikduzu	TR	2
Beloit		US	2
Belleville		US	2
Beaumont		US	2
Bulancak		TR	2
Boryslav		UA	2
Barwāla	Barwala	IN	2
Burleson		US	2
Bogorodsk		RU	2
Brighton		US	2
Bayjī	Bayji	IQ	2
Bayāna	Bayana	IN	2
Blyth		GB	2
Bongabon		PH	2
Butel		MK	2
Bayawan		PH	2
Bindki		IN	2
Blagodarnyy		RU	2
Bicester		GB	2
Boston		GB	2
Backnang		DE	2
Bertioga		BR	2
Bartlesville		US	2
Billingham		GB	2
Beslan		RU	2
Ban Phai		TH	2
Barreiros		BR	2
Babīna	Babina	IN	2
Bell		US	2
Bougouni		ML	2
Budhāna	Budhana	IN	2
Betamcherla		IN	2
Boardman		US	2
Bentonville		US	2
Barpeta Road		IN	2
Bollate		IT	2
Buddh Gaya		IN	2
Briton Ferry		GB	2
Bell Ville		AR	2
Bridlington		GB	2
Bay City		US	2
Bernau bei Berlin		DE	2
Bentley		GB	2
Beja		PT	2
Boyarka		UA	2
Barcellona Pozzo di Gotto		IT	2
Banjul		GM	2
Burriana		ES	2
Bājitpur	Bajitpur	BD	2
Baltiysk		RU	2
Bakhtiyārpur	Bakhtiyarpur	IN	2
Billericay		GB	2
Brant		CA	2
Balingen		DE	2
Bongouanou		CI	2
Barinitas		VE	2
Bragança	Braganca	PT	2
Butterworth		ZA	2
Babati		TZ	2
Brunswick		US	2
Beruwala		LK	2
Blagoveshchensk		RU	2
Bayt al Faqīh	Bayt al Faqih	YE	2
Butte		US	2
Bordj Ghdir		DZ	2
Beverly Hills		US	2
Bodø	Bodo	NO	2
Biharamulo		TZ	2
Baulkham Hills		AU	2
Barbalha		BR	2
Bariadi		TZ	2
Boa Esperança	Boa Esperanca	BR	2
Bhiwadi		IN	2
Bahjoi		IN	2
Beni Douala		DZ	2
Bauan		PH	2
Bay		PH	2
Ban Ratsada		TH	2
Butte-Silver Bow (Balance)		US	2
Braintree		US	2
Bothell		US	2
Bagnolet		FR	2
Begamganj		IN	2
Brighton		US	2
Burien		US	2
Bettendorf		US	2
Bensonville		LR	2
Biarritz		FR	2
Bathurst		AU	2
Brugherio		IT	2
Bardejov		SK	2
Bangor		US	2
Bhādāsar	Bhadasar	IN	2
BABOR - VILLE		DZ	2
Bodītī	Boditi	ET	2
Bagasra		IN	2
Būr Safājah	Bur Safajah	EG	2
Brighouse		GB	2
Bihārīganj	Bihariganj	IN	2
Badarganj		BD	2
Bambari		CF	2
Barnstaple		GB	2
Bāndarban	Bandarban	BD	2
Bugarama		TZ	2
Bor		TR	2
Biberach an der Riß	Biberach an der Riss	DE	2
Bethel Park		US	2
Boyolangu		ID	2
Bogdanovich		RU	2
Borehamwood		GB	2
Bisauli		IN	2
Bocaiúva	Bocaiuva	BR	2
Bernburg		DE	2
Boende		CD	2
Binche		BE	2
Barbacha		DZ	2
Bandipura		IN	2
Beverley		GB	2
Bāsudebpur	Basudebpur	IN	2
Belalcazar		CO	2
Bhera		PK	2
Bhatkal		IN	2
Béthune	Bethune	FR	2
Barabinsk		RU	2
Bandar		ID	2
Bulanık	Bulanik	TR	2
Bahādurganj	Bahadurganj	IN	2
Bramsche		DE	2
Birendranagar		NP	2
Bussum		NL	2
Barra do Bugres		BR	2
Brentwood Estates		US	2
Bahau		MY	2
Banī Suhaylā	Bani Suhayla	PS	2
Bayburt		TR	2
Bāfq	Bafq	IR	2
Burgess Hill		GB	2
Balakliya		UA	2
Ban Khlong Bang Sao Thong		TH	2
Barberà del Vallès	Barbera del Valles	ES	2
Betioky		MG	2
Baalbek		LB	2
Biga		TR	2
Basavana Bāgevādi	Basavana Bagevadi	IN	2
Bielawa		PL	2
Bom Jesus do Itabapoana		BR	2
Bad Vilbel		DE	2
Bad Hersfeld		DE	2
Benton		US	2
Bayān	Bayan	KW	2
Banamba		ML	2
Bankstown		AU	2
Bel Air North		US	2
Baie-Mahault		GP	2
Barberena		GT	2
Butajīra	Butajira	ET	2
Borzya		RU	2
Ballwin		US	2
Binnish		SY	2
Beykonak		TR	2
Bad Nauheim		DE	2
Bakri		MY	2
Bouinan		DZ	2
Bhāndāria	Bhandaria	BD	2
Burgdorf		DE	2
Bogoroditsk		RU	2
Buhi		PH	2
Brooklyn Center		US	2
Bowling Green		US	2
Bidur		MY	2
Birpara		IN	2
Barnet		GB	2
Burton		US	1
Bedworth		GB	1
Bhongaon		IN	1
Barcarena		BR	1
Baie-Comeau		CA	1
Betafo		MG	1
Burntwood		GB	1
Bilāri	Bilari	IN	1
Byaroza		BY	1
Bilzen		BE	1
Betong		TH	1
Banning		US	1
Bellechasse Regional County Municipality		CA	1
Bang Phae		TH	1
Begoro		GH	1
Boxtel		NL	1
Bandeirantes		BR	1
Bačka Palanka	Backa Palanka	RS	1
Branford		US	1
Brunssum		NL	1
Bromsgrove		GB	1
Bucak		TR	1
Bachhraon		IN	1
Ban Phan Don		TH	1
Bühl	Buhl	DE	1
Bochnia		PL	1
Best		NL	1
Boaco		NI	1
Bibai		JP	1
Bria		CF	1
Bethlehem		PS	1
Banda		IN	1
Ballymena		GB	1
Burbank		US	1
Businga		CD	1
Burlingame		US	1
Bariri		BR	1
Bahār	Bahar	IR	1
Bah-Bah		PH	1
Barneveld		NL	1
Barra dos Coqueiros		BR	1
Buturlinovka		RU	1
Bouar		CF	1
Bulan		PH	1
Balapulang		ID	1
Bozyazı	Bozyazi	TR	1
Ben Mehidi		DZ	1
Bang Bo District		TH	1
Bergerac		FR	1
Bādāmi	Badami	IN	1
Buriram		TH	1
Bjelovar		HR	1
Ban Chang		TH	1
Burgos		PH	1
Baunatal		DE	1
Bretten		DE	1
Bezhetsk		RU	1
Buluan		PH	1
Brierley Hill		GB	1
Ban Bang Kadi Pathum Thani		TH	1
Birmitrapur		IN	1
Bungu		TZ	1
Bolobo		CD	1
Bāmor Kalān	Bamor Kalan	IN	1
Bearsden		GB	1
Baesweiler		DE	1
Bad Neuenahr-Ahrweiler		DE	1
Bom Conselho		BR	1
Buurhakaba		SO	1
Bongor		TD	1
Byādgi	Byadgi	IN	1
Boyabat		TR	1
Bazar-Korgon		KG	1
Bregenz		AT	1
Bou Hanifia el Hamamat		DZ	1
Bezons		FR	1
Brumadinho		BR	1
Bad Zwischenahn		DE	1
Beldānga	Beldanga	IN	1
Bessemer		US	1
Bossangoa		CF	1
Brejo Santo		BR	1
Brejo da Madre de Deus		BR	1
Banora Point		AU	1
Bulakamba		ID	1
Bronkhorstspruit		ZA	1
Brodnica		PL	1
Bouznika		MA	1
Big Spring		US	1
Badr Ḩunayn	Badr Hunayn	SA	1
Bilgrām	Bilgram	IN	1
Bidhūna	Bidhuna	IN	1
Baynjiwayn		IQ	1
Berasia		IN	1
Babat		ID	1
Brilon		DE	1
Bhawanipur		IN	1
Benicia		US	1
Biłgoraj	Bilgoraj	PL	1
Barrinha		BR	1
Back Mountain		US	1
Borşa	Borsa	RO	1
Buzen		JP	1
Boscoreale		IT	1
Bafoulabé	Bafoulabe	ML	1
Baro		NG	1
Bulung’ur	Bulung'ur	UZ	1
Banmankhi		IN	1
Bor		SS	1
Bergenfield		US	1
Babaeski		TR	1
Bristol		US	1
Boukadir		DZ	1
Benicarló	Benicarlo	ES	1
Birnin Kudu		NG	1
Barberton		US	1
Blenheim		NZ	1
Bakhchysaray		UA	1
Bongao		PH	1
Bielsk Podlaski		PL	1
Buy		RU	1
Boisbriand		CA	1
Bella Vista		US	1
Beitbridge		ZW	1
Biritiba Mirim		BR	1
Badagry		NG	1
Bektemir		UZ	1
Bay Shore		US	1
Bilsi		IN	1
Borger		NL	1
Bayanhongor		MN	1
Bignona		SN	1
Brandon		CA	1
Bou Tlelis		DZ	1
Ban Talat Bueng		TH	1
Buenaventura Lakes		US	1
Batavia		US	1
Berwick-Upon-Tweed		GB	1
Brecht		BE	1
Belmont		US	1
Behror		IN	1
Bireun		ID	1
Břeclav	Breclav	CZ	1
Bečej	Becej	RS	1
Berehove		UA	1
Buchanan		LR	1
Bresso		IT	1
Bundoora		AU	1
Bishop Auckland		GB	1
Burlington		US	1
Bartoszyce		PL	1
Bang Pakong		TH	1
Bacoli		IT	1
Belvidere		US	1
Beuningen		NL	1
Broek op Langedijk		NL	1
Bramhall		GB	1
Bartley Green		GB	1
Bannūr	Bannur	IN	1
Budhlāda	Budhlada	IN	1
Bridgeton		US	1
Bad Honnef		DE	1
Banganapalle		IN	1
Baloda Bāzār	Baloda Bazar	IN	1
Butzbach		DE	1
Bologoye		RU	1
Blackheath		GB	1
Buritizeiro		BR	1
Budaörs	Budaors	HU	1
Belluno		IT	1
Boysun		UZ	1
Batu Berendam		MY	1
Bojia		CN	1
Biesdorf		DE	1
Baggabag B		PH	1
Burg bei Magdeburg		DE	1
Brawley		US	1
Bedburg		DE	1
Bemetāra	Bemetara	IN	1
Bawāna	Bawana	IN	1
Baden		AT	1
Buenaventura		CO	1
Buzovna		AZ	1
Bourgoin		FR	1
Bamusso		CM	1
Belmont		US	1
Budapest I. kerület	Budapest I. keruelet	HU	1
Bagnoli		IT	1
Boa Viagem		BR	1
Bingen am Rhein		DE	1
Biny Selo		AZ	1
Bijbiāra	Bijbiara	IN	1
Baarn		NL	1
Burlington		US	1
Bruay-la-Buissière	Bruay-la-Buissiere	FR	1
Bangassou		CF	1
Bad Oldesloe		DE	1
Brétigny-sur-Orge	Bretigny-sur-Orge	FR	1
Bois-Colombes		FR	1
Białogard	Bialogard	PL	1
Blagnac		FR	1
Boca Del Mar		US	1
Balabanovo		RU	1
Barstow Heights		US	1
Beaune		FR	1
Barki Saria		IN	1
Brunoy		FR	1
Bra		IT	1
Bhachāu	Bhachau	IN	1
Baldwin		US	1
Bāgepalli	Bagepalli	IN	1
Bembèrèkè	Bembereke	BJ	1
Badou		TG	1
Belo sur Tsiribihina		MG	1
Bāzpur	Bazpur	IN	1
Brockville		CA	1
Bungo-Takada-shi		JP	1
Bloomington		US	1
Bezenchuk		RU	1
Balch Springs		US	1
Blue Island		US	1
Boshkengash		TJ	1
Baileys Crossroads		US	1
Bogotol		RU	1
Bassila		BJ	1
Bouna		CI	1
Bogo		PH	1
Bourgoin-Jallieu		FR	1
Ban Bueng		TH	1
Bègles	Begles	FR	1
Birūr	Birur	IN	1
Bayonet Point		US	1
Basni		IN	1
Ban Talat Nua		TH	1
Bakhmach		UA	1
Balbriggan		IE	1
Bāgha Purāna	Bagha Purana	IN	1
Baza		ES	1
Bellview		US	1
Bāglung	Baglung	NP	1
Broadstairs		GB	1
Bewar		IN	1
Brody		UA	1
Bayanhongor		MN	1
Beersel		BE	1
Blieskastel		DE	1
Biancavilla		IT	1
Belton		US	1
Bohumín	Bohumin	CZ	1
Béoumi	Beoumi	CI	1
Bainbridge Island		US	1
Boumahra Ahmed		DZ	1
Beloha		MG	1
Botolan		PH	1
Baharly		TM	1
Bavly		RU	1
Bihoro		JP	1
Bad Harzburg		DE	1
Barbate de Franco		ES	1
Biankouma		CI	1
Balarāmpur	Balarampur	IN	1
Bambang		PH	1
Bristol		US	1
Bandar-e Lengeh		IR	1
Bloomingdale		US	1
Bishopbriggs		GB	1
Bānswāda	Banswada	IN	1
Barstow		US	1
Bissāu	Bissau	IN	1
Baddi		IN	1
Batu Arang		MY	1
Bélabo	Belabo	CM	1
Bafilo		TG	1
Bafatá	Bafata	GW	1
Baswa		IN	1
Bugiri		UG	1
Banikoara		BJ	1
Bhānder	Bhander	IN	1
Bad Mergentheim		DE	1
Belper		GB	1
Baturité	Baturite	BR	1
Bou Ismaïl	Bou Ismail	DZ	1
Bignay Uno		PH	1
Berber		SD	1
Barão de Cocais	Barao de Cocais	BR	1
Braço do Norte	Braco do Norte	BR	1
Barceloneta		PR	1
Bryukhovetskaya		RU	1
Barakī Barak	Baraki Barak	AF	1
Borssele		NL	1
Balamban		PH	1
Balod		IN	1
Büren	Bueren	DE	1
Barañáin	Baranain	ES	1
Beohāri	Beohari	IN	1
Brookings		US	1
Burē	Bure	ET	1
Bloomingdale		US	1
Bhinga		IN	1
Beshariq		UZ	1
Ban Na San		TH	1
Busselton		AU	1
Brent		US	1
Boo		SE	1
Brushy Creek		US	1
Bakal		RU	1
Ban Nong Wua So		TH	1
Brandon		US	1
Bougado		PT	1
Birkirkara		MT	1
Bad Pyrmont		DE	1
Barras		BR	1
Banat		IN	1
Büdingen	Buedingen	DE	1
Belūr	Belur	IN	1
Bay Point		US	1
Bozova		TR	1
Bānsdīh	Bansdih	IN	1
Bansalan		PH	1
Bad Soden am Taunus		DE	1
Brummen		NL	1
Brezno		SK	1
Bad Kissingen		DE	1
Bedi		IN	1
Buxton		GB	1
Brownsburg		US	1
Bensekrane		DZ	1
Biddeford		US	1
Benbrook		US	1
Békés	Bekes	HU	1
Bedford		US	1
Bidbid		OM	1
Boldumsaz		TM	1
Basi		IN	1
Bayaguana		DO	1
Belas		PT	1
Bagulā	Bagula	IN	1
Burunday		KZ	1
Berriozábal	Berriozabal	MX	1
Basotu		TZ	1
Baena		ES	1
Berëzovka	Berezovka	RU	1
Botevgrad		BG	1
Barra		BR	1
Bruchköbel	Bruchkoebel	DE	1
Bixby		US	1
Begūn	Begun	IN	1
Boronia		AU	1
Bhānvad	Bhanvad	IN	1
Blythe		US	1
Bad Berleburg		DE	1
Bressuire		FR	1
Barra de São Francisco	Barra de Sao Francisco	BR	1
Bétera	Betera	ES	1
Bückeburg	Buckeburg	DE	1
Buftea		RO	1
Bhuvanagiri		IN	1
Bhanjanagar		IN	1
Bethany		US	1
Balş	Bals	RO	1
Bobrov		RU	1
Bad Rappenau		DE	1
Bergneustadt		DE	1
Boudjima		DZ	1
Borne		NL	1
Baar		CH	1
Booval		AU	1
Bang Pa-in		TH	1
Bhuban		IN	1
Bagan Serai		MY	1
Borgomanero		IT	1
Budapest XXIII. kerület	Budapest XXIII. keruelet	HU	1
Blansko		CZ	1
Bagua Grande		PE	1
Barbosa		CO	1
Blaj		RO	1
Bingley		GB	1
Buíque	Buique	BR	1
Byndoor		IN	1
Boca Suno		EC	1
Brownhills		GB	1
Bedelē	Bedele	ET	1
Buinsk		RU	1
Baras		PH	1
Barpāli	Barpali	IN	1
Bellshill		GB	1
Berkel en Rodenrijs		NL	1
Braine-le-Comte		BE	1
Bela		PK	1
Belen		TR	1
Birmingham		US	1
Beloyarskiy		RU	1
Boussu		BE	1
Batang Berjuntai		MY	1
Balaklava		UA	1
Baki		SO	1
Bol’shaya Setun’	Bol'shaya Setun'	RU	1
Bcharré	Bcharre	LB	1
Bowthorpe		GB	1
Bornem		BE	1
Balen		BE	1
Burnie		AU	1
Balwyn North		AU	1
Băicoi	Baicoi	RO	1
Brunswick		AU	1
Beolgyo		KR	1
Bad Waldsee		DE	1
Bahía Honda	Bahia Honda	CU	1
Beni Mester		DZ	1
Banī Na‘īm	Bani Na`im	PS	1
Bordj Zemoura		DZ	1
Bourg-lès-Valence	Bourg-les-Valence	FR	1
Baldwin		US	1
Bururi		BI	1
Bad Schwartau		DE	1
Bikin		RU	1
Bieruń	Bierun	PL	1
Bŭka	Buka	UZ	1
Bagnols-sur-Cèze	Bagnols-sur-Ceze	FR	1
Baao		PH	1
Borodino		RU	1
Băileşti	Bailesti	RO	1
Bahçe	Bahce	TR	1
Bad Driburg		DE	1
Bhadrapur		NP	1
Butiá	Butia	BR	1
Badger		US	1
Ban Dung		TH	1
Bijāwar	Bijawar	IN	1
Būndu	Bundu	IN	1
Bhāyāvadar	Bhayavadar	IN	1
Französisch Buchholz	Buchholz	DE	1
Broadview Heights		US	1
Belsand		IN	1
Bodegraven		NL	1
Bönen	Bonen	DE	1
Bhawānīgarh	Bhawanigarh	IN	1
Bear		US	1
Bayou Cane		US	1
Bilhaur		IN	1
Bhit Shāh	Bhit Shah	PK	1
Berrahal		DZ	1
Baixo Guandu		BR	1
Brownwood		US	1
Bremervörde	Bremervoerde	DE	1
Balyqshy		KZ	1
Batī	Bati	ET	1
Bāli	Bali	IN	1
Banga		IN	1
Balta		UA	1
Burscheid		DE	1
Bladel		NL	1
Brook Park		US	1
Beaconsfield		CA	1
Bālāchor	Balachor	IN	1
Benavente		ES	1
Bexbach		DE	1
Berea		US	1
Bashanet		TZ	1
Barcelos		PT	1
Brezina		DZ	1
Bibiani		GH	1
Bellwood		US	1
Bethany		US	1
Bad Münstereifel	Bad Muenstereifel	DE	1
Bhasāwar	Bhasawar	IN	1
Bābra	Babra	IN	1
Bantayan		PH	1
Bhor		IN	1
Brookfield		US	1
Bonga		ET	1
Bīrpur	Birpur	IN	1
Benthuizen		NL	1
Bauda		IN	1
Bánovce nad Bebravou	Banovce nad Bebravou	SK	1
Beloeil		CA	1
Balaka		MW	1
Birkerød	Birkerod	DK	1
Buchen		DE	1
Boiro		ES	1
Bang Krathum		TH	1
Bourg-la-Reine		FR	1
Bambuí	Bambui	BR	1
Bradford West Gwillimbury		CA	1
Borna		DE	1
Badnāwar	Badnawar	IN	1
Bailén	Bailen	ES	1
Braník	Branik	CZ	1
Basi		IN	1
Bad Münder am Deister	Bad Muender am Deister	DE	1
Bonneuil-sur-Marne		FR	1
Bad Dürkheim	Bad Duerkheim	DE	1
Brotas		BR	1
Bogatynia		PL	1
Buenavista		PH	1
Bronnitsy		RU	1
Beroroha		MG	1
Bourbonnais		US	1
Bar-le-Duc		FR	1
Basi		IN	1
Bormujos		ES	1
Barysh		RU	1
Bhūm	Bhum	IN	1
Bitkine		TD	1
Badīyah	Badiyah	OM	1
Buckley		GB	1
Belo Oriente		BR	1
Baddomalhi		PK	1
Broken Hill		AU	1
Beni Amrane		DZ	1
Burnham-on-Sea		GB	1
Bronte		IT	1
Buhuşi	Buhusi	RO	1
Ban Tak		TH	1
Brodósqui	Brodosqui	BR	1
Braniewo		PL	1
Bensenville		US	1
Banyoles		ES	1
Ballenger Creek		US	1
Burghausen		DE	1
Blankenberge		BE	1
Boden		SE	1
Behat		IN	1
Belton		US	1
Burhar		IN	1
Bad Langensalza		DE	1
Barka Kāna	Barka Kana	IN	1
Bergeijk	Bergeyk	NL	1
Burlata		ES	1
Barreiro do Jaíba	Barreiro do Jaiba	BR	1
Bela Vista		BR	1
Bejucal		CU	1
Brymbo		GB	1
Benicàssim	Benicassim	ES	1
Bilohirs’k	Bilohirs'k	UA	1
Ban Chalong		TH	1
Bad Wildungen		DE	1
Balmazújváros	Balmazujvaros	HU	1
Beni Khiar		TN	1
Bhogpur		IN	1
Beloozërskiy	Beloozerskiy	RU	1
Bhattiprolu		IN	1
Budva		ME	1
Barjala		IN	1
Belaya Glina		RU	1
Breaza		RO	1
Bang Len		TH	1
Brigham City		US	1
Bako		ET	1
Bondo		CD	1
Brixham		GB	1
Bristol		US	1
Bastia umbra		IT	1
Bilopillya		UA	1
Bunschoten		NL	1
Bohodukhiv		UA	1
Brakel		DE	1
Bar		ME	1
Bangolo		CI	1
Bolotnoye		RU	1
Bắc Kạn	Bac Kan	VN	1
Buriti Bravo		BR	1
Bruntál	Bruntal	CZ	1
Bastos		BR	1
Bhitarwār	Bhitarwar	IN	1
Bad Aibling		DE	1
Bel Air Rivière Sèche	Bel Air Riviere Seche	MU	1
Baybay		PH	1
Bishopstoke		GB	1
Barra Velha		BR	1
Bellaria-Igea Marina		IT	1
Biddulph		GB	1
Babana		NG	1
Bay City		US	1
Beckley		US	1
Bethnal Green		GB	1
Bargi		IN	1
Battle Ground		US	1
Beroun		CZ	1
Balassagyarmat		HU	1
Bhadaur		IN	1
Bedēsa	Bedesa	ET	1
Bayswater		GB	1
Bykhaw		BY	1
Bānapur	Banapur	IN	1
Bendorf		DE	1
Baymak		RU	1
Boulsa		BF	1
Belle Glade		US	1
Beli		NG	1
Barreirinhas		BR	1
Bischheim		FR	1
Bad Tölz	Bad Toelz	DE	1
Ban Selaphum		TH	1
Bukit Rambai		MY	1
Broek in Waterland		NL	1
Bushey		GB	1
Bonney Lake		US	1
Bāghdogra	Baghdogra	IN	1
Boksitogorsk		RU	1
Barrancas		CO	1
Banūr	Banur	IN	1
Bulgan		MN	1
Bhopālwāla	Bhopalwala	PK	1
Bartow		US	1
Barrhead		GB	1
Bhānpurī	Bhanpuri	IN	1
Bālugaon	Balugaon	IN	1
Bilthra		IN	1
Ballitoville		ZA	1
Baumschulenweg		DE	1
Blomberg		DE	1
Berga		ES	1
Banepā	Banepa	NP	1
Balāţah	Balatah	PS	1
Beek		NL	1
Bayside		US	1
Bloemhof		ZA	1
Boone		US	1
Bauang		PH	1
Busko-Zdrój	Busko-Zdroj	PL	1
Bhānpura	Bhanpura	IN	1
Banaz		TR	1
Broad Ripple		US	1
Beshkent		UZ	1
Ban Lŭng	Ban Lung	KH	1
Barroso		BR	1
Bārah	Barah	SD	1
Бережани	Berezhani	UA	1
Bhān	Bhan	PK	1
Bogo		CM	1
Bealanana		MG	1
Bhindār	Bhindar	IN	1
Bato		PH	1
Bermeo		ES	1
Buulobarde		SO	1
Barbastro		ES	1
Bundibugyo		UG	1
Bad Reichenhall		DE	1
Bonny		NG	1
Brzesko		PL	1
Bellaire		US	1
Bad Arolsen		DE	1
Bayındır	Bayindir	TR	1
Bang Rakam		TH	1
Bua Yai		TH	1
Bedlington		GB	1
Bouguenais		FR	1
Bloemendaal		NL	1
Bet She’an	Bet She'an	IL	1
Bo Phloi		TH	1
Balaguer		ES	1
Beltsville		US	1
Baia Sprie		RO	1
Belonia		IN	1
Beri Khās	Beri Khas	IN	1
Boguszów-Gorce	Boguszow-Gorce	PL	1
Bytów	Bytow	PL	1
Bolhrad		UA	1
Barbosa		CO	1
Bryant		US	1
Bobingen		DE	1
Babrāla	Babrala	IN	1
Barrington		US	1
Boda		CF	1
Bar		UA	1
Blanquefort		FR	1
Bideford		GB	1
Bode Saadu		NG	1
Balezino		RU	1
Bang Ban		TH	1
Bergschenhoek		NL	1
Babenhausen		DE	1
Bellinzona		CH	1
Bokajān	Bokajan	IN	1
Bānki	Banki	IN	1
Bad Säckingen	Bad Sackingen	DE	1
Bareggio		IT	1
Bovisio-Masciago		IT	1
Blanchardstown		IE	1
Bohuslav		UA	1
Borongan		PH	1
Bridgeview		US	1
Bethpage		US	1
Bharwāri	Bharwari	IN	1
Bichena		ET	1
Burutu		NG	1
Bad Salzungen		DE	1
Braunau am Inn		AT	1
Bhainsdehi		IN	1
Butiama		TZ	1
Bon Air		US	1
Bocşa	Bocsa	RO	1
Butha-Buthe		LS	1
Bayshore Gardens		US	1
Belpasso		IT	1
Buckhall		US	1
Brvenica		MK	1
Bahula		IN	1
Bilgi		IN	1
Benešov	Benesov	CZ	1
Baeza		ES	1
Baiersbronn		DE	1
Berkhamsted		GB	1
Buritis		BR	1
Badvel		IN	1
Bry-sur-Marne		FR	1
Bellmore		US	1
Bhawāna	Bhawana	PK	1
Boppard		DE	1
Beaver Dam		US	1
Beerse		BE	1
Bassum		DE	1
Bayt Jālā	Bayt Jala	PS	1
Bābai	Babai	IN	1
Banbridge		GB	1
Baihar		IN	1
Bāndīkūi	Bandikui	IN	1
Bačka Topola	Backa Topola	RS	1
Brake (Unterweser)		DE	1
Baden		CH	1
Brüggen	Bruggen	DE	1
Berettyóújfalu	Berettyoujfalu	HU	1
Belidzhi		RU	1
Bad Neustadt an der Saale		DE	1
Buckhaven		GB	1
Bad Segeberg		DE	1
Bulolo		PG	1
Buerarema		BR	1
Baucau		TL	1
Brad		RO	1
Beckingen		DE	1
Billiri		NG	1
Bayeux		FR	1
Blankenburg		DE	1
Bhīkhi	Bhikhi	IN	1
Ban Mo		TH	1
Buri		BR	1
Bekalta		TN	1
Bodaybo		RU	1
Burlington		US	1
Baskil		TR	1
Bradley		US	1
Brie-Comte-Robert		FR	1
Barentu		ER	1
Busembatia		UG	1
Boissy-Saint-Léger	Boissy-Saint-Leger	FR	1
Bressanone		IT	1
Boussé	Bousse	BF	1
Bayambang		PH	1
Beaufort		MY	1
Bruckmühl	Bruckmuhl	DE	1
Baguim do Monte		PT	1
Bara Uchāna	Bara Uchana	IN	1
Boom		BE	1
Baruun-Urt		MN	1
Bebington		GB	1
Banderilla		MX	1
Bhudgaon		IN	1
Bílina	Bilina	CZ	1
Bad Essen		DE	1
Biggleswade		GB	1
Benoy		TD	1
Brenham		US	1
Baildon		GB	1
Belén de Umbría	Belen de Umbria	CO	1
Bílina Kyselka	Bilina Kyselka	CZ	1
Boisar		IN	1
Berck-Plage		FR	1
Bagar		IN	1
Bay Village		US	1
Bryn Mawr-Skyway		US	1
Blytheville		US	1
Bang Mun Nak		TH	1
Bari Sādri	Bari Sadri	IN	1
Berck		FR	1
Bitterfeld-Wolfen		DE	1
Baberu		IN	1
Baykal’sk	Baykal'sk	RU	1
Beylagan		AZ	1
Balma		FR	1
Belém	Belem	BR	1
Beacon		US	1
Bukuru		NG	1
Bilsanda		IN	1
Bad Bentheim		DE	1
Ban Houakhoua		LA	1
Boroon		PH	1
Bilicenii Vechi		MD	1
Blackwood		GB	1
Bunawan		PH	1
Batavia		US	1
Boké	Boke	GN	1
Buffalo		US	1
Bangor		GB	1
Bilderstoeckchen		DE	1
Borovskiy		RU	1
Burrel		AL	1
Bijelo Polje		ME	1
Brandýs nad Labem-Stará Boleslav	Brandys nad Labem-Stara Boleslav	CZ	1
Brunswick		US	1
Bostonia		US	1
Bāh	Bah	IN	1
Bracken Ridge		AU	1
Ban Huai Thalaeng		TH	1
Bürstadt	Buerstadt	DE	1
Bathgate		GB	1
Bhikangaon		IN	1
Brownsville		US	1
Bang Racham		TH	1
Benetússer	Benetusser	ES	1
Batangafo		CF	1
Bagayevskaya		RU	1
Belëv	Belev	RU	1
Baraguá	Baragua	CU	1
Beverungen		DE	1
Bigadiç	Bigadic	TR	1
Brusciano		IT	1
Bellavista		PE	1
Buderim		AU	1
Boskoop		NL	1
Bosanska Krupa		BA	1
Bad Laasphe		DE	1
Báguanos	Baguanos	CU	1
Brunswick		US	1
Bad Lippspringe		DE	1
Bussolengo		IT	1
Brighton East		AU	1
Bogovinje		MK	1
Belvedere Park		US	1
Bang Saphan		TH	1
Buwenge		UG	1
Bredbury		GB	1
Bella Vista		AR	1
Binka		IN	1
Brackenheim		DE	1
Babo-Pangulo		PH	1
Bāntva	Bantva	IN	1
Boguchar		RU	1
Boujniba		MA	1
Berja		ES	1
Brignoles		FR	1
Berkovitsa		BG	1
Boulder City		US	1
Béjar	Bejar	ES	1