Shanghai		CN	1487
Shenzhen		CN	690
Seoul		KR	689
São Paulo	Sao Paulo	BR	668
Shenyang		CN	417
Suzhou		CN	356
Shantou		CN	355
Saint Petersburg		RU	335
Santiago		CL	322
Sydney		AU	308
Singapore		SG	236
Shiyan		CN	230
Sūrat	Surat	IN	192
Shijiazhuang		CN	188
Salvador		BR	180
Surabaya		ID	158
Santo Domingo		DO	146
Sanaa		YE	129
Sapporo		JP	125
Soweto		ZA	113
Santa Cruz de la Sierra		BO	90
San Antonio		US	88
San Diego		US	87
South Tangerang		ID	86
Semarang		ID	85
Stockholm		SE	83
Shiraz		IR	83
Suwon-si		KR	82
Santiago de los Caballeros		DO	80
Saitama		JP	79
Sofia		BG	76
Samara		RU	75
Sendai		JP	70
Seongnam-si		KR	68
Shivaji Nagar		IN	66
Solāpur	Solapur	IN	66
Srinagar		IN	65
Sulţānah	Sultanah	SA	63
San Jose		US	63
São Luís	Sao Luis	BR	61
Sale		MA	60
Saratov		RU	57
San Francisco		US	53
Sakai		JP	52
San Miguel de Tucumán	San Miguel de Tucuman	AR	52
Salem		IN	51
Shangyu		CN	51
São Bernardo do Campo	Sao Bernardo do Campo	BR	49
Subang Jaya		MY	47
Sevilla		ES	46
Shizuoka		JP	46
Santo Domingo Oeste		DO	46
Sarajevo		BA	46
San Luis Potosí	San Luis Potosi	MX	45
Santo André	Santo Andre	BR	44
Shaoguan		CN	41
Santiago de Querétaro	Santiago de Queretaro	MX	41
Saltillo		MX	41
São José dos Campos	Sao Jose dos Campos	BR	40
Seattle		US	40
Sāngli	Sangli	IN	40
Situbondo		ID	40
Shuangyashan		CN	40
Scarborough		CA	40
Stuttgart		DE	39
Shihezi		CN	38
South Boston		US	38
Sokoto		NG	37
Sorocaba		BR	37
Santiago de Cuba		CU	37
Siping		CN	37
Surakarta		ID	37
Sharjah		AE	36
Sargodha		PK	36
San Salvador		SV	35
Santa María Chimalhuacán	Santa Maria Chimalhuacan	MX	35
Shiliguri		IN	34
Salta		AR	34
Shashi		CN	33
Santa Fe de la Vera Cruz		AR	32
San Pedro Sula		HN	32
Suez		EG	32
Sahāranpur	Saharanpur	IN	32
Shah Alam		MY	32
Sialkot		PK	31
Skopje		MK	31
Staten Island		US	31
Sacramento		US	31
São João de Meriti	Sao Joao de Meriti	BR	30
Şanlıurfa	Sanliurfa	TR	29
San Juan		AR	29
Sheffield		GB	29
San Nicolás de los Garza	San Nicolas de los Garza	MX	29
Shyamnagar		IN	29
Sultangazi		TR	29
Santa Marta		CO	28
Shaoxing		CN	28
San Juan		PR	27
Sukkur		PK	27
Shymkent		KZ	27
Santos		BR	27
Shiyan		CN	27
Szczecin		PL	27
Surrey		CA	26
Serra		BR	26
Samsun		TR	26
Sandakan		MY	26
Samut Prakan		TH	25
Sector 3		RO	25
Sevastopol		UA	25
São José do Rio Preto	Sao Jose do Rio Preto	BR	24
Seremban		MY	24
Sector 6		RO	24
San Miguel Xico Viejo		MX	24
Stavropol’	Stavropol'	RU	24
Sheikhupura		PK	24
Simferopol		UA	23
San Jose del Monte		PH	23
Samarinda		ID	23
Santiago del Estero		AR	23
Suita		JP	23
Sanandaj		IR	23
Sector 2		RO	23
Soledad		CO	22
Shiqi		CN	22
San José	San Jose	CR	22
Soyapango		SV	21
Sochi		RU	21
Santa Ana		US	21
São Vicente	Sao Vicente	BR	21
Suizhou		CN	21
San Miguelito		PA	21
Smolensk		RU	21
Shāhjānpur	Shahjanpur	IN	21
Shimoga		IN	21
Samarqand		UZ	21
St. Louis		US	21
Shangrao		CN	21
Şişli	Sisli	TR	20
Soacha		CO	20
Sariwŏn	Sariwon	KP	20
Shengli		CN	20
San Salvador de Jujuy		AR	20
Saransk		RU	20
Surgut		RU	20
Santol		PH	19
Sumy		UA	19
Semey		KZ	19
Stockton		US	19
Sétif	Setif	DZ	19
Safi		MA	19
Sinŭiju	Sinuiju	KP	19
Sector 4		RO	19
Sultanbeyli		TR	19
Saint Paul		US	19
Suzano		BR	18
Santa Teresa		VE	18
Sfax		TN	18
Sukabumi		ID	18
Strasbourg		FR	18
Sector 5		RO	18
San Pedro		PH	18
Sterlitamak		RU	17
Sumqayıt	Sumqayit	AZ	17
Sivas		TR	17
Sincelejo		CO	17
Stoke-on-Trent		GB	17
Satna		IN	17
Sari		IR	17
Soledad de Graciano Sánchez	Soledad de Graciano Sanchez	MX	17
Santa Catarina		MX	16
Suihua		CN	16
Santiago de Surco		PE	16
San Fernando		PH	16
Sonīpat	Sonipat	IN	16
Santa Clara		CU	16
San Bernardo		CL	16
Santa Maria		BR	16
Saugor		IN	16
San Cristóbal	San Cristobal	VE	16
Southampton		GB	16
Shimonoseki		JP	16
Saint Petersburg		US	16
Santa Luzia		BR	16
Sancaktepe		TR	16
Seeb		OM	15
Sasebo		JP	15
Sylhet		BD	15
Sahiwal		PK	15
Sōka	Soka	JP	15
Suncheon		KR	15
Syktyvkar		RU	15
Sungai Petani		MY	15
Sumaré	Sumare	BR	15
San Lorenzo		PY	15
Sosnowiec		PL	15
Staryy Oskol		RU	15
Shrīrāmpur	Shrirampur	IN	15
Sabzevar		IR	15
Sector 1		RO	15
Sucre		BO	14
Santa Cruz de Tenerife		ES	14
Shakhty		RU	14
Sant Martí	Sant Marti	ES	14
San Pedro de Macorís	San Pedro de Macoris	DO	14
Scottsdale		US	14
Santa Rosa		PH	14
Shagamu		NG	14
Sepang		MY	14
San Bernardino		US	13
Sanming		CN	13
Sohag		EG	13
São Leopoldo	Sao Leopoldo	BR	13
Spokane		US	13
Sirjan		IR	13
San Pablo		PH	13
Sumedang Utara		ID	13
Sabadell		ES	13
Suzhou		CN	13
São Carlos	Sao Carlos	BR	13
Secunderabad		IN	13
Sete Lagoas		BR	13
Santo Domingo de los Colorados		EC	13
Severnyy		RU	13
Shahkot		PK	13
São José	Sao Jose	BR	13
Sīkar	Sikar	IN	13
Saidpur		BD	13
Shreveport		US	13
Saskatoon		CA	13
Sibu		MY	13
San-Pédro	San-Pedro	CI	13
Sambhal		IN	13
Severodvinsk		RU	12
Soledad Díez Gutiérrez	Soledad Diez Gutierrez	MX	12
Sidi Bel Abbès	Sidi Bel Abbes	DZ	12
Suzuka		JP	12
Sādiqābād	Sadiqabad	PK	12
Sunrise Manor		US	12
Syzran’	Syzran'	RU	12
Santarém	Santarem	BR	12
San Fernando del Valle de Catamarca		AR	12
Santa Bárbara d'Oeste	Santa Barbara d'Oeste	BR	12
Sutton		GB	12
Salt Lake City		US	12
Springs		ZA	12
Shibīn al Kawm	Shibin al Kawm	EG	12
Singrauli		IN	12
Donostia / San Sebastián	San Sebastian	ES	12
San Luis		AR	12
Sūjāngarh	Sujangarh	IN	12
Santander		ES	12
Sakura		JP	12
Sirsa		IN	12
Saarbrücken	Saarbruecken	DE	12
Shangqiu		CN	12
Surendranagar		IN	11
Si Racha		TH	11
Saki		NG	11
Spring Valley		US	11
Sunderland		GB	11
Sittwe		MM	11
Sants-Montjuïc	Sants-Montjuic	ES	11
Santa Ana		SV	11
Santa Clarita		US	11
Split		HR	11
Saint-Étienne	Saint-Etienne	FR	11
Saint-Louis		SN	11
Sāveh	Saveh	IR	11
Siverek		TR	11
San Pablo de las Salinas		MX	11
Shimla		IN	11
Salatiga		ID	11
Swansea		GB	11
Santa Rosa		US	11
Shanwei		CN	11
Saga		JP	11
Szeged		HU	10
Serang		ID	10
Sītāpur	Sitapur	IN	10
Solingen		DE	10
Shivpuri		IN	10
Sousse		TN	10
Sidon		LB	10
Southend-on-Sea		GB	10
Şalālah	Salalah	OM	10
Sambalpur		IN	10
Skikda		DZ	10
Suleja		NG	10
San Miguel		SV	10
Sapele		NG	10
Sayama		JP	10
Sullana		PE	10
Salavat		RU	10
Skudai		MY	10
Springfield		US	10
San Miguel del Padrón	San Miguel del Padron	CU	10
Sāmarrā’	Samarra'	IQ	10
Sobral		BR	10
Sunggal		ID	10
San Blas		ES	10
Shikārpur	Shikarpur	PK	10
Souk Ahras		DZ	10
Sihanoukville		KH	10
Seogwipo		KR	10
Salamanca		ES	10
Swindon		GB	10
Salem		US	10
San Cristóbal	San Cristobal	DO	10
Sioux Falls		US	10
Sanshui		CN	10
Springfield		US	10
Songnim		KP	10
Silchar		IN	10
Strogino		RU	10
Sibiu		RO	10
Saqqez		IR	10
Soreang		ID	10
Serilingampalle		IN	10
Salinas		US	10
Salzburg		AT	10
Shāntipur	Shantipur	IN	9
Sujiatun		CN	9
Salamanca		ES	9
Saint-Quentin-en-Yvelines		FR	9
Saharsa		IN	9
Syracuse		US	9
Spanish Town		JM	9
Sikasso		ML	9
Sanya		CN	9
Saguenay		CA	9
Stara Zagora		BG	9
Sant Andreu de Palomar		ES	9
Sunnyvale		US	9
Sarrià-Sant Gervasi	Sarria-Sant Gervasi	ES	9
Shanhaiguan		CN	9
Siem Reap		KH	9
San Luis Río Colorado	San Luis Rio Colorado	MX	9
Sidoarjo		ID	9
Şabāḩ as Sālim	Sabah as Salim	KW	9
Stockport		GB	9
Sekondi-Takoradi		GH	9
Sa Pá	Sa Pa	VN	9
Salamanca		MX	9
Saint-Denis		RE	9
San Juan Sacatepéquez	San Juan Sacatepequez	GT	9
Shizuishan		CN	9
São Caetano do Sul	Sao Caetano do Sul	BR	9
Savannah		US	9
Shiqiao		CN	9
San Mateo		PH	8
Śródmieście	Srodmiescie	PL	8
Seto		JP	8
Slough		GB	8
Singaraja		ID	8
Sandachō	Sandacho	JP	8
Shillong		IN	8
St. Catharines		CA	8
Shahrud		IR	8
Sapucaia		BR	8
Shuangcheng		CN	8
Šiauliai	Siauliai	LT	8
Songjiang		CN	8
Sinnar		SD	8
Syevyerodonets’k	Syevyerodonets'k	UA	8
Sabhā	Sabha	LY	8
Shangri-La		CN	8
Sterling Heights		US	8
Sherbrooke		CA	8
Shahr-e Kord		IR	8
San Cristóbal de las Casas	San Cristobal de las Casas	MX	8
Sātkhira	Satkhira	BD	8
Sīnah	Sinah	IQ	8
Sakakah		SA	8
Serpukhov		RU	8
Sirte		LY	8
San Nicolás de los Arroyos	San Nicolas de los Arroyos	AR	8
Saïda	Saida	DZ	8
Sirājganj	Sirajganj	BD	8
Surat Thani		TH	8
Sancti Spíritus	Sancti Spiritus	CU	8
Sogamoso		CO	8
Songea		TZ	8
Salerno		IT	8
Sorong		ID	8
Shahecheng		CN	8
Suining		CN	8
Semnān	Semnan	IR	8
Sloviansk		UA	8
San Francisco de Macorís	San Francisco de Macoris	DO	8
Santa Tecla		SV	8
Simi Valley		US	8
São José dos Pinhais	Sao Jose dos Pinhais	BR	8
Salvaleón de Higüey	Salvaleon de Higuey	DO	8
Stamford		US	8
San Pedro Garza Garcia		MX	8
Stavanger		NO	8
San Juan		PH	8
Solntsevo		RU	8
Santa Rita		BR	7
Santa Coloma de Gramenet		ES	7
Silang		PH	7
Siwān	Siwan	IN	7
Settat		MA	7
San Jose		PH	7
Shimotoda		JP	7
Sepatan		ID	7
San Juan del Río	San Juan del Rio	MX	7
Sokodé	Sokode	TG	7
Shunyi		CN	7
Surprise		US	7
Setúbal	Setubal	PT	7
Simões Filho	Simoes Filho	BR	7
Santa Clara		US	7
Springfield		US	7
Sinop		BR	7
Schöneberg	Schoneberg Bezirk	DE	7
Sri Jayewardenepura Kotte		LK	7
Sóc Trăng	Soc Trang	VN	7
Sawangan		ID	7
Siirt		TR	7
Shchelkovo		RU	7
Sātāra	Satara	IN	7
Shaowu		CN	7
Satu Mare		RO	7
Suriāpet	Suriapet	IN	7
Santa Rosa		AR	7
Sultānpur	Sultanpur	IN	7
Seversk		RU	7
Shilong		CN	7
Sergiyev Posad		RU	7
San Rafael		AR	7
Sawāi Mādhopur	Sawai Madhopur	IN	7
Santiago		PH	7
Sohar		OM	7
Santa Cruz		PH	7
Shaping		CN	7
Sherpur		BD	7
Shinyanga		TZ	7
Siegen		DE	7
Sutton Coldfield		GB	7
Santa Cruz do Sul		BR	7
Sydney		CA	7
Suceava		RO	7
Soyībug	Soyibug	IN	6
St Helens		GB	6
Sagh		TD	6
Shāhzādpur	Shahzadpur	BD	6
Şabrātah	Sabratah	LY	6
Shchukino		RU	6
Singkawang		ID	6
Salihorsk		BY	6
Székesfehérvár	Szekesfehervar	HU	6
Seoni		IN	6
South Bend		US	6
Solikamsk		RU	6
Shāhreẕā	Shahreza	IR	6
Sakata		JP	6
Subotica		RS	6
Salto		UY	6
Shikohābād	Shikohabad	IN	6
Santa Maria		US	6
Saint-Paul		RE	6
Sehore		IN	6
Sertãozinho	Sertaozinho	BR	6
St. John's		CA	6
Santana de Parnaíba	Santana de Parnaiba	BR	6
Sarapul		RU	6
Spring Hill		US	6
Słupsk	Slupsk	PL	6
Serov		RU	6
Salto		BR	6
Shāmli	Shamli	IN	6
Siracusa		IT	6
Swābi	Swabi	PK	6
San Mateo		US	6
Sakado		JP	6
Schwerin		DE	6
Sliven		BG	6
San Fernando		ES	6
Solihull		GB	6
Saint-Denis		FR	6
Sungai Penuh		ID	6
Sāhibganj	Sahibganj	IN	6
Shenjiamen		CN	6
San Carlos de Bariloche		AR	6
Santiago de Compostela		ES	6
South Gate		US	6
Stellenbosch		ZA	6
Sông Cầu	Song Cau	VN	6
Sandy Springs		US	6
Sumber		ID	6
San Angelo		US	6
Stilfontein		ZA	6
Southport		GB	6
Ségou	Segou	ML	6
Semenyih		MY	6
Sassari		IT	6
Samālūţ	Samalut	EG	6
Sparks		US	6
Sishui		CN	6
Spokane Valley		US	5
Santa Monica		US	5
Santana do Livramento		BR	5
Sandy Hills		US	5
Şaḩam	Saham	OM	5
Shahdol		IN	5
Sumbawanga		TZ	5
Sokcho		KR	5
Shwebo		MM	5
Salihli		TR	5
Sangrūr	Sangrur	IN	5
São Lourenço da Mata	Sao Lourenco da Mata	BR	5
Santa Barbara		US	5
Shkodër	Shkoder	AL	5
Sarov		RU	5
Saint John		CA	5
Surigao		PH	5
San Juan de los Morros		VE	5
Sandy City		US	5
Shumen		BG	5
Saatlı	Saatli	AZ	5
San Leandro		US	5
Shizilu		CN	5
Sardārshahr	Sardarshahr	IN	5
Shashemenē	Shashemene	ET	5
San Antonio		CL	5
Svetlanovskiy		RU	5
Shostka		UA	5
Sarandi		BR	5
Sumenep		ID	5
Stevenage		GB	5
Suffolk		US	5
St Albans		GB	5
San Vicente Chicoloapan		MX	5
Sunrise		US	5
Stakhanov		UA	5
Songkhla		TH	5
Santana		BR	5
San Marcos		US	5
South Shields		GB	5
San Fernando		PH	5
Sarnia		CA	5
Sanjō	Sanjo	JP	5
Shīrvān	Shirvan	IR	5
Sorsogon		PH	5
Sioux City		US	5
Sinhyeon		KR	5
San Martín	San Martin	AR	5
Sano		JP	5
Shache		CN	5
Sant Boi de Llobregat		ES	5
Shangzhi		CN	5
Shiwan		CN	5
Salmās	Salmas	IR	5
Sokhumi		GE	5
Sarishābāri	Sarishabari	BD	5
San Tan Valley		US	5
Shanting		CN	5
Shibata		JP	5
South Suffolk		US	5
Serpong		ID	5
San Andrés Cholula	San Andres Cholula	MX	5
Shahre Jadide Andisheh		IR	5
Stockton-on-Tees		GB	5
Sibolga		ID	5
Szombathely		HU	5
Shadrinsk		RU	5
Sidi Slimane		MA	5
Sant Cugat del Vallès	Sant Cugat del Valles	ES	5
Shouguang		CN	5
Slatina		RO	5
Sugar Land		US	5
San Fernando de Apure		VE	5
Shitanjing		CN	5
Sagaing		MM	5
São João del Rei	Sao Joao del Rei	BR	5
San Pedro		US	5
São Bento do Sul	Sao Bento do Sul	BR	5
Songling		CN	5
Shūshtar	Shushtar	IR	5
Shulan		CN	5
Saint-Laurent		CA	5
Suva		FJ	5
San Carlos		VE	5
Siedlce		PL	5
Santa Cruz de Barahona		DO	5
São Mateus	Sao Mateus	BR	5
Sasolburg		ZA	5
Sarkand		KZ	5
Saint Joseph		US	5
San Felipe		VE	5
Saint-Pierre		RE	5
São João da Boa Vista	Sao Joao da Boa Vista	BR	5
Sesto San Giovanni		IT	5
Santa Cruz do Capibaribe		BR	5
São Sebastião	Sao Sebastiao	BR	5
Sakon Nakhon		TH	5
Scranton		US	5
Sapiranga		BR	5
Savé	Save	BJ	5
San Sebastián de los Reyes	San Sebastian de los Reyes	ES	5
San Martin Texmelucan de Labastida		MX	5
Shimada		JP	5
Somerville		US	5
Szolnok		HU	5
Schiedam		NL	5
Shāhdādkot	Shahdadkot	PK	5
Saint-Maur-des-Fossés	Saint-Maur-des-Fosses	FR	5
Silifke		TR	5
Shangmei		CN	5
Spijkenisse		NL	4
Sault Ste. Marie		CA	4
Silopi		TR	4
Sidi Qacem		MA	4
Sungailiat		ID	4
Shancheng		CN	4
Srivilliputhur		IN	4
Sivakasi		IN	4
Schaumburg		US	4
Suisan		KR	4
Suixi		CN	4
Shelby		US	4
San Ramón de la Nueva Orán	San Ramon de la Nueva Oran	AR	4
Standerton		ZA	4
Santo Antônio de Jesus	Santo Antonio de Jesus	BR	4
San Miguel de Cozumel		MX	4
Salina Cruz		MX	4
Shāhābād	Shahabad	IN	4
Sewon		ID	4
Saint-Léonard	Saint-Leonard	CA	4
Sikandarābād	Sikandarabad	IN	4
Satsumasendai		JP	4
Siemianowice Śląskie	Siemianowice Slaskie	PL	4
Shixing		CN	4
San Juan de la Maguana		DO	4
Saint George		US	4
Salford		GB	4
Scunthorpe		GB	4
Steglitz	Steglitz Bezirk	DE	4
Suva Reka		XK	4
Sagay		PH	4
San Ramon		US	4
Southfield		US	4
Shakhtars’k	Shakhtars'k	UA	4
Saint-Jean-sur-Richelieu		CA	4
São Cristóvão	Sao Cristovao	BR	4
Sragen		ID	4
Sirsilla		IN	4
Solana		PH	4
Silver Spring		US	4
Svyetlahorsk		BY	4
Stargard Szczeciński	Stargard Szczecinski	PL	4
Sur		OM	4
Sankt Gallen		CH	4
Shiguai		CN	4
Sunyani		GH	4
Şirvan	Sirvan	AZ	4
Schweizer-Reneke		ZA	4
Southall		GB	4
Segamat		MY	4
San Miguel de Allende		MX	4
Springdale		US	4
Sidi Aïssa	Sidi Aissa	DZ	4
Shirpur		IN	4
Shrewsbury		GB	4
Syriam		MM	4
Sayyān	Sayyan	YE	4
Suwałki	Suwalki	PL	4
Sint-Niklaas		BE	4
Saku		JP	4
Sindhnūr	Sindhnur	IN	4
Sukagawa		JP	4
Sougueur		DZ	4
São Sebastião do Paraíso	Sao Sebastiao do Paraiso	BR	4
San Mateo Atenco		MX	4
Sosnovyy Bor		RU	4
Sabanalarga		CO	4
Shima		CN	4
San Isidro		PE	4
Saldanha		ZA	4
Söke	Soeke	TR	4
Sverdlovs’k	Sverdlovs'k	UA	4
Santa Catarina Pinula		GT	4
Santa Fe		US	4
Saraburi		TH	4
Songjianghe		CN	4
Subic		PH	4
Smila		UA	4
Soio		AO	4
San Antonio		PH	4
Shorko		PK	4
Santa Inês	Santa Ines	BR	4
Sangamner		IN	4
San Luis		CU	4
Shāhdādpur	Shahdadpur	PK	4
Shiojiri		JP	4
Saint-Nazaire		FR	4
San Francisco del Rincón	San Francisco del Rincon	MX	4
Solna		SE	4
Sayhāt	Sayhat	SA	4
Sanchazi		CN	4
Savannakhét	Savannakhet	LA	4
Shabqadar		PK	4
Stalowa Wola		PL	4
Sokaraja		ID	4
Sabae		JP	4
Sosnovka		RU	4
Saint-Marc		HT	4
Schenectady		US	4
Sagunto		ES	4
Sampit		ID	4
Silvan		TR	4
Shujāābād	Shujaabad	PK	4
Soma		TR	4
Saint Cloud		US	4
Sanlúcar de Barrameda	Sanlucar de Barrameda	ES	4
Saint Charles		US	4
San Ildefonso		PH	4
San Miguel		PH	4
Sattahip		TH	4
Shiki		JP	4
Stafford		GB	4
Slavyansk-na-Kubani		RU	4
Silao		MX	4
Sefrou		MA	4
Skokie		US	4
Salaqi		CN	4
Siuri		IN	4
Santo Ângelo	Santo Angelo	BR	4
Siddipet		IN	4
Sidi Khaled		DZ	4
Shakargarh		PK	4
Skanes		TN	4
Sibi		PK	4
San Antonio de Los Altos		VE	4
Shimodate		JP	4
Santa Lucía	Santa Lucia	ES	4
South San Francisco		US	4
San Clemente		US	4
Samut Sakhon		TH	4
Sūratgarh	Suratgarh	IN	4
Sopur		IN	4
Sandnes		NO	4
Sheki		AZ	4
Sakurai		JP	4
Sambriāl	Sambrial	PK	4
Sorgun		TR	4
Semporna		MY	4
Singida		TZ	4
Sheopur		IN	4
Songyang		CN	4
Slutsk		BY	4
Shawnee		US	4
Shuangyang		CN	4
San José de Guanipa	San Jose de Guanipa	VE	4
Sibsāgar	Sibsagar	IN	4
Santa Lucía Cotzumalguapa	Santa Lucia Cotzumalguapa	GT	4
Sagua la Grande		CU	4
Saquarema		BR	4
Sānghar	Sanghar	PK	4
Smederevo		RS	4
Santa Cruz Xoxocotlán	Santa Cruz Xoxocotlan	MX	4
Senador Canedo		BR	4
Sirsi		IN	4
Sibay		RU	4
Suicheng		CN	4
Stryi		UA	4
San Salvador Tizatlalli		MX	4
Schwäbisch Gmünd	Schwabisch Gmund	DE	4
Sindelfingen		DE	4
Slawi		ID	4
Svobodnyy		RU	4
Sal’sk	Sal'sk	RU	4
Stupino		RU	4
Sahaswān	Sahaswan	IN	4
Sirhind		IN	4
Slavonski Brod		HR	4
Seraing		BE	4
Shuya		RU	4
Shchëkino	Shchekino	RU	4
Sfântu-Gheorghe	Sfantu-Gheorghe	RO	4
Springfield		US	4
Świdnica	Swidnica	PL	4
Södertälje	Soedertaelje	SE	4
Sadek		VN	4
Supaul		IN	4
Sviblovo		RU	4
Santutxu		ES	4
South Brisbane		AU	4
Santa Cruz		US	3
Sinfra		CI	3
Stanger		ZA	3
Saint Clair Shores		US	3
São Borja	Sao Borja	BR	3
San Cristobal		CU	3
Shiogama		JP	3
Sengkang		ID	3
Sonsonate		SV	3
Springfield		US	3
San Felipe		CL	3
Sangāreddi	Sangareddi	IN	3
Sahagún	Sahagun	CO	3
Santo Tomé	Santo Tome	AR	3
San Francisco		AR	3
Stralsund		DE	3
Santa Rosa		BR	3
Sollentuna		SE	3
Solnechnogorsk		RU	3
Sig		DZ	3
Stolberg		DE	3
Shahrīār	Shahriar	IR	3
Saijō	Saijo	JP	3
Suozhen		CN	3
Sahuayo de Morelos		MX	3
Soubré	Soubre	CI	3
San Pedro		AR	3
Shāhāda	Shahada	IN	3
Sérres	Serres	GR	3
Savona		IT	3
San Andrés	San Andres	CO	3
South Vineland		US	3
Simpang Empat		MY	3
Sarcelles		FR	3
Sīra	Sira	IN	3
Sidi Moussa		DZ	3
Santa Rosa de Cabal		CO	3
Singosari		ID	3
St. Albert		CA	3
San Rafael		US	3
Samāstipur	Samastipur	IN	3
Shanhetun		CN	3
Sōja	Soja	JP	3
Santo Tomas		PH	3
Sherkot		IN	3
Sopron		HU	3
South Whittier		US	3
Suileng		CN	3
Sītāmarhi	Sitamarhi	IN	3
Sakaidechō	Sakaidecho	JP	3
Shahrisabz		UZ	3
Sangla Hill		PK	3
Sokol		RU	3
Sokol’niki	Sokol'niki	RU	3
Shibīn al Qanāţir	Shibin al Qanatir	EG	3
Segovia		ES	3
San Carlos del Zulia		VE	3
Shegaon		IN	3
Soroti		UG	3
Stourbridge		GB	3
Sleman		ID	3
Sankt Augustin		DE	3
San Francisco		CR	3
San Antonio		PY	3
San Andres Tuxtla		MX	3
Sale		GB	3
Shibirghān	Shibirghan	AF	3
Sangju		KR	3
Świętochłowice	Swietochlowice	PL	3
Snizhne		UA	3
São Gabriel	Sao Gabriel	BR	3
San Fernando		TT	3
Saint-Quentin		FR	3
Shiroi		JP	3
Satte		JP	3
South Croydon		GB	3
Šabac	Sabac	RS	3
Sāmalkot	Samalkot	IN	3
Sherwood Park		CA	3
São Pedro da Aldeia	Sao Pedro da Aldeia	BR	3
Shilin		CN	3
Samannūd	Samannud	EG	3
Saint-Jérôme	Saint-Jerome	CA	3
San Severo		IT	3
San José de las Lajas	San Jose de las Lajas	CU	3
Seropédica	Seropedica	BR	3
Suwa		JP	3
Shirbīn	Shirbin	EG	3
San Marcos		SV	3
Sendhwa		IN	3
San Francisco El Alto		GT	3
Siddhapur		IN	3
Spring		US	3
Sangmélima	Sangmelima	CM	3
Sidhi		IN	3
San Miguel Zinacantepec		MX	3
Şabyā	Sabya	SA	3
Suzaka		JP	3
Schweinfurt		DE	3
Sartrouville		FR	3
Severomorsk		RU	3
Starachowice		PL	3
Selebi-Phikwe		BW	3
Sunām	Sunam	IN	3
Sattenapalle		IN	3
Sanford		US	3
Shendi		SD	3
Santee		US	3
Suphan Buri		TH	3
Shājāpur	Shajapur	IN	3
Sedrata		DZ	3
São Tomé	Sao Tome	ST	3
Sampang		ID	3
Sandīla	Sandila	IN	3
Silivri		TR	3
Sinan		KR	3
Sāgar	Sagar	IN	3
San Vicent del Raspeig		ES	3
Shoreline		US	3
Shāhābād	Shahabad	IN	3
Saint-Brieuc		FR	3
Şırnak	Sirnak	TR	3
Slobozia		RO	3
Sherman Oaks		US	3
Sumbawa Besar		ID	3
Sihor		IN	3
Saint Peters		US	3
South Hill		US	3
Sesvete		HR	3
Shahr-e Bābak	Shahr-e Babak	IR	3
Shūsh	Shush	IR	3
Songling		CN	3
San Bartolomé de Tirajana	San Bartolome de Tirajana	ES	3
Sarpsborg		NO	3
Sandwīp	Sandwip	BD	3
Sar-e Pul		AF	3
Sātkania	Satkania	BD	3
Sarasota		US	3
Sa'dah		YE	3
Sarpol-e Z̄ahāb	Sarpol-e Zahab	IR	3
Saginaw		US	3
Slonim		BY	3
Stratford		US	3
Smyrna		US	3
Serra Talhada		BR	3
Séguéla	Seguela	CI	3
Seydişehir	Seydisehir	TR	3
Sillod		IN	3
Staines		GB	3
Shiraoka		JP	3
Saint-Malo		FR	3
Saint Croix		VI	3
Skien		NO	3
São Roque	Sao Roque	BR	3
South Jordan		US	3
San Mateo		VE	3
Schwerte		DE	3
Speyer		DE	3
Saint-Hyacinthe		CA	3
South Peabody		US	3
Swedru		GH	3
Sālūr	Salur	IN	3
Sour el Ghozlane		DZ	3
Snezhinsk		RU	3
Semënovskoye	Semenovskoye	RU	3
Sayanogorsk		RU	3
San Luis de la Paz		MX	3
Sardhana		IN	3
Sugito		JP	3
Shorāpur	Shorapur	IN	3
Skarżysko-Kamienna	Skarzysko-Kamienna	PL	3
Suhum		GH	3
Satka		RU	3
Sheboygan		US	3
Scafati		IT	3
Shawinigan		CA	3
Sidlaghatta		IN	3
Serrinha		BR	3
Saiki		JP	3
Skierniewice		PL	3
Sankt Pölten	Sankt Poelten	AT	3
Southaven		US	3
Singaparna		ID	3
South Bel Air		US	3
South Benfleet		GB	3
Saint-André	Saint-Andre	RE	3
San José del Cabo	San Jose del Cabo	MX	3
Senhor do Bonfim		BR	3
Sundsvall		SE	3
Sombor		RS	3
Sittard		NL	3
Solok		ID	3
Shibukawa		JP	3
Shtip		MK	3
Sosnovaya Polyana		RU	3
Saipan		MP	3
Starogard Gdański	Starogard Gdanski	PL	3
Soest		DE	3
Sri Dūngargarh	Sri Dungargarh	IN	3
Shināş	Shinas	OM	3
Sīdī Sālim	Sidi Salim	EG	3
Svitlovods’k	Svitlovods'k	UA	3
Sousa		BR	3
Siruguppa		IN	3
Saint-Louis		RE	3
Sungai Raya		ID	3
Sufālat Samā’il	Sufalat Sama'il	OM	3
Salina		US	3
San Lorenzo		AR	3
Suluova		TR	3
Stuttgart-Ost		DE	3
Shelekhov		RU	3
Serowe		BW	3
Şebin Karahisar	Sebin Karahisar	TR	3
Sevran		FR	3
San Luis de la Paz		MX	3
Shchūchīnsk	Shchuchinsk	KZ	3
San José Pinula	San Jose Pinula	GT	3
Sasayama		JP	3
Sawara		JP	3
Santa Ana		PH	3
Shujālpur	Shujalpur	IN	3
San Remo		IT	3
São José do Rio Pardo	Sao Jose do Rio Pardo	BR	3
Santurtzi		ES	3
Saint-Herblain		FR	3
San Pedro Ayampuc		GT	3
Singkil		ID	3
Santo Amaro		BR	3
Stepnogorsk		KZ	3
São Domingos de Rana	Sao Domingos de Rana	PT	3
Sheikhpura		IN	3
Suruç	Suruc	TR	3
Surin		TH	3
Safonovo		RU	3
Santiago		BR	3
Seohāra	Seohara	IN	3
Sarakhs		IR	3
Shepetivka		UA	3
Staryy Malgobek		RU	3
Sadao		TH	3
Şafwá	Safwa	SA	3
San Benedetto del Tronto		IT	3
Sammamish		US	3
Singen		DE	3
Stillwater		US	3
San Juan de los Lagos		MX	3
Sesto Fiorentino		IT	3
Stade		DE	3
Salisbury		GB	3
Sama		ES	3
Strumica		MK	3
Santo Domingo		CU	3
Shertallai		IN	3
San Giorgio a Cremano		IT	3
Sironj		IN	3
Sololá	Solola	GT	3
Santiago de Veraguas		PA	3
Salcedo		DO	3
Spassk-Dal’niy	Spassk-Dal'niy	RU	3
Saint Louis Park		US	3
Shebekino		RU	3
San Isidro		AR	3
San Luis Obispo		US	3
Soest		NL	3
Sariaya		PH	2
Sykiés	Sykies	GR	2
Scandicci		IT	2
San Marcos		US	2
Skhirate		MA	2
Strezhevoy		RU	2
San Buenaventura		MX	2
Si Sa Ket		TH	2
Strongsville		US	2
Suresnes		FR	2
Singa		SD	2
Straubing		DE	2
Sieradz		PL	2
Severn		US	2
San Jacinto		US	2
Settimo Torinese		IT	2
Sarāi Ālamgīr	Sarai Alamgir	PK	2
Şereflikoçhisar	Sereflikochisar	TR	2
Souq Larb’a al Gharb	Souq Larb'a al Gharb	MA	2
Sayansk		RU	2
Sutton in Ashfield		GB	2
San Germán	San German	CU	2
Sierra Vista		US	2
Salinas		EC	2
Sertolovo		RU	2
Siguiri		GN	2
Santa Lucía	Santa Lucia	AR	2
Sagae		JP	2
Samal		PH	2
Suhl		DE	2
Summerville		US	2
Sovetsk		RU	2
Saint Thomas Mount		IN	2
Sainthia		IN	2
Sonqor		IR	2
Siguatepeque		HN	2
Sandıklı	Sandikli	TR	2
Sant Feliu de Llobregat		ES	2
Sicklerville		US	2
Sayreville Junction		US	2
Selu		IN	2
Siena		IT	2
Sivaganga		IN	2
Su-ngai Kolok		TH	2
Sharypovo		RU	2
Seregno		IT	2
San Antonio de los Baños	San Antonio de los Banos	CU	2
São Joaquim da Barra	Sao Joaquim da Barra	BR	2
Sayreville		US	2
Shoranūr	Shoranur	IN	2
Sandefjord		NO	2
Staaken		DE	2
Sojat		IN	2
Sorang		KZ	2
Southglenn		US	2
Sikandra Rao		IN	2
Santa Elena		EC	2
Sokol		RU	2
Salgueiro		BR	2
Santyoku		KR	2
Sidi Bouzid		TN	2
Saint-Eustache		CA	2
Smara		EH	2
State College		US	2
Stretford		GB	2
Santa Rosa		EC	2
Santiago Teyahualco		MX	2
Sundargarh		IN	2
Silkeborg		DK	2
Saint-Priest		FR	2
San Joaquín	San Joaquin	VE	2
Sevilla		CO	2
Santos Dumont		BR	2
San Vicente		SV	2
Sūsangerd	Susangerd	IR	2
Shāhīn Dezh	Shahin Dezh	IR	2
Shirone		JP	2
Salon-de-Provence		FR	2
Salem		US	2
Seevetal		DE	2
Sihorā	Sihora	IN	2
San Pedro		MX	2
Sehwān	Sehwan	PK	2
Sittingbourne		GB	2
Sebdou		DZ	2
São Lourenço	Sao Lourenco	BR	2
Saint-Germain-en-Laye		FR	2
Shinjō	Shinjo	JP	2
Sesimbra		PT	2
San Bruno		US	2
Salinópolis	Salinopolis	BR	2
San Fernando de Henares		ES	2
South Valley		US	2
Swadlincote		GB	2
Salwá	Salwa	KW	2
Świnoujście	Swinoujscie	PL	2
São Miguel dos Campos	Sao Miguel dos Campos	BR	2
Sakhipur		BD	2
Sirinhaém	Sirinhaem	BR	2
Santander de Quilichao		CO	2
Sinjai		ID	2
Souma		DZ	2
Sète	Sete	FR	2
Sighetu Marmaţiei	Sighetu Marmatiei	RO	2
Sơn Tây	Son Tay	VN	2
Šilainiai	Silainiai	LT	2
Sumter		US	2
Saurimo		AO	2
Soavinandriana		MG	2
Solan		IN	2
Saḩāb	Sahab	JO	2
Sopot		PL	2
Saundatti		IN	2
Świdnik	Swidnik	PL	2
Sidi Bennour		MA	2
San Pedro Sacatepéquez	San Pedro Sacatepequez	GT	2
Sathupalli		IN	2
Salamá	Salama	GT	2
Smyrna		US	2
Segovia		CO	2
Streamwood		US	2
Sŭngho 1-tong	Sungho 1-tong	KP	2
Serrana		BR	2
Svetlograd		RU	2
San Gabriel		US	2
Silistra		BG	2
Savigny-sur-Orge		FR	2
Schorndorf		DE	2
Sanok		PL	2
Salgótarján	Salgotarjan	HU	2
Senekal		ZA	2
Steyr		AT	2
Shelton		US	2
Sumoto		JP	2
Soria		ES	2
Shiroishi		JP	2
San Pascual		PH	2
San Martín	San Martin	SV	2
Saint-Ouen		FR	2
Shāhābād	Shahabad	IN	2
Sampsonievskiy		RU	2
Soanierana Ivongo		MG	2
Saña	Sana	PE	2
Spišská Nová Ves	Spisska Nova Ves	SK	2
Siegburg		DE	2
Sremska Mitrovica		RS	2
Skelmersdale		GB	2
Scarborough		GB	2
Shepparton		AU	2
Simdega		IN	2
Sankt Ingbert		DE	2
Salaberry-de-Valleyfield		CA	2
Sangariā	Sangaria	IN	2
Sirohi		IN	2
Schwabach		DE	2
Sherman		US	2
Szczecinek		PL	2
Sablayan		PH	2
Saarlouis		DE	2
Sinjār	Sinjar	IQ	2
Sochaczew		PL	2
San Vicente		AR	2
San Juan de Colón	San Juan de Colon	VE	2
Santa Cruz de Juventino Rosas		MX	2
Stanton		US	2
Surbiton		GB	2
Shimabara		JP	2
Saronno		IT	2
Sūlūru	Suluru	IN	2
Salekhard		RU	2
Saint-Chamond		FR	2
Schwedt (Oder)		DE	2
Shahbazpur		IN	2
Sint-Truiden		BE	2
Savanūr	Savanur	IN	2
Sansanné-Mango	Sansanne-Mango	TG	2
Saint-Raphaël	Saint-Raphael	HT	2
Stendal		DE	2
Sitrah		BH	2
Severna Park		US	2
Sungurlu		TR	2
Sun City		US	2
Santo Domingo Tehuantepec		MX	2
Struga		MK	2
Santa Cruz do Rio Pardo		BR	2
Sumusţā as Sulţānī	Sumusta as Sultani	EG	2
Sestroretsk		RU	2
Sadāseopet	Sadaseopet	IN	2
Shādegān	Shadegan	IR	2
Sāhīwāl	Sahiwal	PK	2
South Jordan Heights		US	2
Sam Phran		TH	2
Šibenik	Sibenik	HR	2
Shakopee		US	2
Spartanburg		US	2
Sukhothai		TH	2
Sassuolo		IT	2
Serik		TR	2
Swords		IE	2
Smarhon’	Smarhon'	BY	2
Sciacca		IT	2
San Jerónimo Cuatro Vientos	San Jeronimo Cuatro Vientos	MX	2
Sunan		KP	2
Serdobsk		RU	2
Simpang		ID	2
Salyan		AZ	2
San Marcos		CO	2
Schwäbisch Hall	Schwaebisch Hall	DE	2
San José de Mayo	San Jose de Mayo	UY	2
Sarankhola		BD	2
Sanāwad	Sanawad	IN	2
Saint Charles		US	2
Sukhoy Log		RU	2
Sakaiminato		JP	2
Srono		ID	2
São Francisco do Sul	Sao Francisco do Sul	BR	2
Solano		PH	2
Slantsy		RU	2
Sofifi		ID	2
St. Thomas		CA	2
Sadābād	Sadabad	IN	2
Shinshiro		JP	2
Santiago		MX	2
Shibganj		BD	2
Sārangpur	Sarangpur	IN	2
San Jose		PH	2
Sisak		HR	2
South Miami Heights		US	2
Samālkha	Samalkha	IN	2
Saint-Martin-d’Hères	Saint-Martin-d'Heres	FR	2
Sidi ech Chahmi		DZ	2
Stutterheim		ZA	2
Shamkhor		AZ	2
San Martín Azcatepec	San Martin Azcatepec	MX	2
Saint-Benoît	Saint-Benoit	RE	2
Sumberpucung		ID	2
Sherghāti	Sherghati	IN	2
Santo Antônio da Platina	Santo Antonio da Platina	BR	2
Safranbolu		TR	2
Santiago de las Vegas		CU	2
Shumerlya		RU	2
Sinsheim		DE	2
Sambir		UA	2
Saint Cloud		US	2
Seram		IN	2
Saint Albans		AU	2
Samut Songkhram		TH	2
Sānand	Sanand	IN	2
Shtime		XK	2
Staraya Derevnya		RU	2
Sidi Okba		DZ	2
Shāhābād	Shahabad	IN	2
San Pedro de Alcántara	San Pedro de Alcantara	ES	2
Saint-Raphaël	Saint-Raphael	FR	2
Simav		TR	2
San Isidro		CR	2
Stow		US	2
Sinop		TR	2
Six-Fours-les-Plages		FR	2
San Leonardo		PH	2
Spanish Fork		US	2
Shikārpūr	Shikarpur	IN	2
Sagauli		IN	2
Steinfurt		DE	2
Santa Cruz del Sur		CU	2
San Juan Capistrano		US	2
Surubim		BR	2
Sankeshwar		IN	2
Satun		TH	2
Sighișoara	Sighisoara	RO	2
Sundbyberg		SE	2
Spandau		DE	2
San Vicente de Moravia		CR	2
San Vicente		CR	2
Satānā	Satana	IN	2
Staraya Russa		RU	2
Schönebeck	Schoenebeck	DE	2
Sibut		CF	2
Santa Helena de Goiás	Santa Helena de Goias	BR	2
San Nicolas		PH	2
Sarāqib	Saraqib	SY	2
San Antonio		PH	2
Szekszárd	Szekszard	HU	2
Sabaneta		CO	2
São Gotardo	Sao Gotardo	BR	2
Slavgorod		RU	2
Sinnar		IN	2
Shakīso	Shakiso	ET	2
Sathyamangalam		IN	2
Somanda		TZ	2
Starokostyantyniv		UA	2
Shrewsbury		US	2
Schaffhausen		CH	2
San Juan		US	2
Sindgi		IN	2
Sant Adrià de Besòs	Sant Adria de Besos	ES	2
Schio		IT	2
San Isidro		MX	2
Santa Isabel		BR	2
Saint-Joseph		RE	2
Sainte-Geneviève-des-Bois	Sainte-Genevieve-des-Bois	FR	2
Salisbury		US	2
Schoten		BE	2
San Gil		CO	2
Sorel-Tracy		CA	2
São Manuel	Sao Manuel	BR	2
Sicuani		PE	2
Sant'Antimo		IT	2
St Albans		AU	2
Severoural’sk	Severoural'sk	RU	2
San Luis		PH	2
Strood		GB	2
San Dimas		US	2
Sohna		IN	2
Segezha		RU	2
Santiago Atitlán	Santiago Atitlan	GT	2
Santa Cruz		CL	2
Sumbe		AO	2
Shāhpura	Shahpura	IN	2
Shikārpur	Shikarpur	IN	2
Saumur		FR	2
Skövde	Skoevde	SE	2
Sīrkāzhi	Sirkazhi	IN	2
Slavuta		UA	2
Santo Antônio de Pádua	Santo Antonio de Padua	BR	2
São Francisco	Sao Francisco	BR	2
Seaside		US	2
Stirling		GB	2
Saint Charles		US	2
Salvatierra		MX	2
San Onofre		CO	2
San Kamphaeng		TH	2
Seelze		DE	2
Silver Lake		US	2
Security-Widefield		US	2
Sukheke Mandi		PK	2
San Donà di Piave	San Dona di Piave	IT	2
Sneek		NL	2
Şarkîkaraağaç	Sarkikaraagac	TR	2
Sethārja Old	Setharja Old	PK	2
Stains		FR	2
Sasaguri		JP	2
Stuhr		DE	2
Somma Vesuviana		IT	2
San Antonio del Táchira	San Antonio del Tachira	VE	2
Slobodskoy		RU	2
Schiltigheim		FR	2
Svishtov		BG	2
Salto de Pirapora		BR	2
Sidi Yahia El Gharb		MA	2
Seinäjoki	Seinaejoki	FI	2
Smolyan		BG	2
Sabinas Hidalgo		MX	2
Sant Joan Despí	Sant Joan Despi	ES	2
Socorro		US	2
Shirley		GB	2
Shirdi		IN	2
Saint-Dizier		FR	2
Synel’nykove	Synel'nykove	UA	2
Slagelse		DK	2
Saḩar	Sahar	YE	2
Sattur		IN	2
Sharqpur		PK	2
Santa Rita		VE	2
São Luiz Gonzaga	Sao Luiz Gonzaga	BR	2
Santa Pola		ES	2
Santa Maria Capua Vetere		IT	2
Sainte-Marie		RE	2
Sosnovoborsk		RU	2
Sakrand		PK	2
Shingū	Shingu	JP	2
Salqīn	Salqin	SY	2
Sijua		IN	2
Sambava		MG	2
San Carlos		CL	2
Schertz		US	2
San Javier		ES	2
San José	San Jose	CR	2
Shāhpur	Shahpur	IN	2
Spring Valley		US	2
Šeškinė	Seskine	LT	2
Santa Eulària des Riu	Santa Eularia des Riu	ES	2
San José Guadalupe Otzacatipan	San Jose Guadalupe Otzacatipan	MX	2
Sāngola	Sangola	IN	2
Sakai-nakajima		JP	2
Singānallūr	Singanallur	IN	2
Soissons		FR	2
Surallah		PH	2
Sfizef		DZ	2
San Giuliano Milanese		IT	2
São Sebastião do Passé	Sao Sebastiao do Passe	BR	2
Sabalgarh		IN	2
Sirūr	Sirur	IN	2
Shamsābād	Shamsabad	IN	2
San Andrés del Rabanedo	San Andres del Rabanedo	ES	2
Senigallia		IT	2
Safidon		IN	2
Skellefteå	Skelleftea	SE	2
Sincé	Since	CO	2
San Benito		GT	2
Sorochinsk		RU	2
Souran		SY	2
Sotteville-lès-Rouen	Sotteville-les-Rouen	FR	2
Stroud		GB	2
Szentes		HU	2
Springfield		US	2
Starominskaya		RU	2
Sint-Pieters-Leeuw		BE	2
San Pablo Autopan		MX	2
Śrem	Srem	PL	2
Salisbury		US	2
Sarkhej		IN	2
Sidareja		ID	2
Sri Mādhopur	Sri Madhopur	IN	2
Schwelm		DE	2
Stratford		CA	2
Salāya	Salaya	IN	2
Savalou		BJ	2
Selogiri		ID	2
Sakété	Sakete	BJ	2
Seria		BN	2
Shatura		RU	2
Salima		MW	2
Southgate		US	2
Salt		ES	1
Saratoga		US	1
Sunbury		AU	1
Săcele	Sacele	RO	1
Sasovo		RU	1
Sāsvad	Sasvad	IN	1
Shawnee		US	1
San Rafael del Sur		NI	1
Shīeli	Shieli	KZ	1
Springe		DE	1
Shar’ya	Shar'ya	RU	1
San Paolo		IT	1
Soro		IN	1
Santa Elena de Uairén	Santa Elena de Uairen	VE	1
Saint-Médard-en-Jalles	Saint-Medard-en-Jalles	FR	1
Sovetskaya Gavan’	Sovetskaya Gavan'	RU	1
Sidi Amrane		DZ	1
Samal		PH	1
South Gate		US	1
Saoner		IN	1
San Juan Nepomuceno		CO	1
Sundern		DE	1
San Vicente de Tagua Tagua		CL	1
Salem		US	1
Srandakan		ID	1
Sherwood		US	1
Saint-Laurent-du-Var		FR	1
Saintes		FR	1
Sestao		ES	1
Springville		US	1
Singojuruh		ID	1
Shamakhi		AZ	1
Santarém	Santarem	PT	1
Sun Prairie		US	1
Sosnogorsk		RU	1
Smach Mean Chey		KH	1
Santa Paula		US	1
Savelugu		GH	1
Sarikei		MY	1
Saint-Leu		FR	1
Shīnḏanḏ	Shindand	AF	1
Shāhpura	Shahpura	IN	1
San Roque		ES	1
Schererville		US	1
Seonghwan		KR	1
Saint-Sébastien-sur-Loire	Saint-Sebastien-sur-Loire	FR	1
São João dos Inhamuns	Sao Joao dos Inhamuns	BR	1
San Fernando		MX	1
San Pablo		US	1
Selçuk	Selcuk	TR	1
San Simon		PH	1
Spring Hill		US	1
Sirsāganj	Sirsaganj	IN	1
Sānchor	Sanchor	IN	1
Sainte-Julie		CA	1
Sandūr	Sandur	IN	1
Swarzędz	Swarzedz	PL	1
Sūrandai	Surandai	IN	1
Senftenberg		DE	1
Saint-Étienne-du-Rouvray	Saint-Etienne-du-Rouvray	FR	1
Suār	Suar	IN	1
Senhora da Hora		PT	1
Sueca		ES	1
Saint-Cloud		FR	1
Sarno		IT	1
San Miguel		CR	1
Šumperk	Sumperk	CZ	1
Santa Rita do Sapucaí	Santa Rita do Sapucai	BR	1
Samtredia		GE	1
Sens		FR	1
Soron		IN	1
Sholinghur		IN	1
Socorro Mission Number 1 Colonia		US	1
Sawākin	Sawakin	SD	1
Shipley		GB	1
Sequeira		PT	1
Sa Kaeo		TH	1
Serendah		MY	1
Shaker Heights		US	1
Statesboro		US	1
San Carlos		US	1
Sant Pere de Ribes		ES	1
San Donato Milanese		IT	1
Seoni Mālwa	Seoni Malwa	IN	1
Sonāmukhi	Sonamukhi	IN	1
Saky		UA	1
Southport		AU	1
Segrate		IT	1
Saint-Leu		RE	1
São Miguel do Guamá	Sao Miguel do Guama	BR	1
Schwandorf in Bayern		DE	1
São Mateus do Maranhão	Sao Mateus do Maranhao	BR	1
Shrīgonda	Shrigonda	IN	1
Spring Valley		US	1
Suisun		US	1
Sanford		US	1
Sibulan		PH	1
Sabirabad		AZ	1
Shcherbinka		RU	1
Stuttgart Feuerbach		DE	1
Sitten		CH	1
Saalfeld		DE	1
Santa Maria		PH	1
Sahavato		MG	1
Saint Helier		JE	1
Sanctorum		MX	1
Sevenoaks		GB	1
Shirley		US	1
Sterling		US	1
Safed		IL	1
Satita		SY	1
São Fidélis	Sao Fidelis	BR	1
Sijunjung		ID	1
Sunbury-on-Thames		GB	1
São José de Ribamar	Sao Jose de Ribamar	BR	1
Santa Vitória do Palmar	Santa Vitoria do Palmar	BR	1
Santa Cruz		BR	1
Santa Rosa de Copán	Santa Rosa de Copan	HN	1
Senak’i	Senak'i	GE	1
Soe		ID	1
Sant Vicenç dels Horts	Sant Vicenc dels Horts	ES	1
Sitges		ES	1
St. Pauli		DE	1
Sīta Road	Sita Road	PK	1
Svendborg		DK	1
Selm		DE	1
Sānkrāil	Sankrail	IN	1
San Pedro		CR	1
Soroca		MD	1
Sol’-Iletsk	Sol'-Iletsk	RU	1
San Rafael Abajo		CR	1
Shalqar		KZ	1
Silvassa		IN	1
Savonlinna		FI	1
Sŏnbong	Sonbong	KP	1
Santo Estêvão	Santo Estevao	BR	1
Sebeş	Sebes	RO	1
Superior		US	1
Spanaway		US	1
Semīrom	Semirom	IR	1
Simanggang		MY	1
Sikonge		TZ	1
Sarny		UA	1
Shalkar		KZ	1
Slidell		US	1
São Pedro	Sao Pedro	BR	1
Sønderborg	Sonderborg	DK	1
Sillānwāli	Sillanwali	PK	1
Smederevska Palanka		RS	1
Siliana		TN	1
Showot		UZ	1
Şāmitah	Samitah	SA	1
Sungai Besar		MY	1
Sakai		JP	1
Stoughton		US	1
Savage		US	1
SeaTac		US	1
Sankt Wendel		DE	1
Sāmba	Samba	IN	1
San Giuseppe Vesuviano		IT	1
Sannois		FR	1
Stabat		ID	1
San Juan del Cesar		CO	1
Sirdaryo		UZ	1
Sheoganj		IN	1
Samokov		BG	1
Stevens Point		US	1
Shimoda		JP	1
Sausar		IN	1
Salou		ES	1
Strausberg		DE	1
Stantsiya Novyy Afon		GE	1
Saugus		US	1
Saratoga Springs		US	1
Southlake		US	1
Sidi Akkacha		DZ	1
Shofirkon		UZ	1
Shāhganj	Shahganj	IN	1
Salor		UZ	1
Smithtown		US	1
Sandanski		BG	1
Santa Catalina		PH	1
Santa Cruz		PH	1
Sant Andreu de la Barca		ES	1
Sprockhövel	Sprockhoevel	DE	1
San Miniato Basso		IT	1
Spremberg		DE	1
Semiluki		RU	1
San Antonio		PH	1
Siyabuswa		ZA	1
Susaki		JP	1
Sintra		PT	1
Sulur		IN	1
San Giovanni Rotondo		IT	1
Santana do Ipanema		BR	1
Schmallenberg		DE	1
Santiago Papasquiaro		MX	1
Shiggaon		IN	1
South Laurel		US	1
Stuttgart Mühlhausen	Stuttgart Muehlhausen	DE	1
San Felipe		MX	1
San Juan		CR	1
Szczytno		PL	1
Sungai Udang		MY	1
Shingū	Shingu	JP	1
Si Satchanalai		TH	1
São Mamede de Infesta	Sao Mamede de Infesta	PT	1
Savigny-le-Temple		FR	1
Sagara		JP	1
Shimo-furano		JP	1
Santo Tomás	Santo Tomas	CO	1
Świecie	Swiecie	PL	1
Suitland		US	1
Sokoni		TZ	1
Suşehri	Susehri	TR	1
Santa Fé do Sul	Santa Fe do Sul	BR	1
Severobaykal’sk	Severobaykal'sk	RU	1
Santa Cruz das Palmeiras		BR	1
Sandusky		US	1
Sukumo		JP	1
Srīnivāspur	Srinivaspur	IN	1
Salinas		BR	1
Soledad		US	1
Staveley		GB	1
Santiago Pinotepa Nacional		MX	1
Sepuka		TZ	1
Stockbridge		US	1
Sādri	Sadri	IN	1
South Pasadena		US	1
San Vicente de Cañete	San Vicente de Canete	PE	1
Santana do Paraíso	Santana do Paraiso	BR	1
Subaykhān	Subaykhan	SY	1
San Luis		US	1
Soko		ID	1
Salaga		GH	1
San Rafael		CR	1
Сарај	Saraj	MK	1
Salamína	Salamina	GR	1
Shardara		KZ	1
São Lourenço do Sul	Sao Lourenco do Sul	BR	1
Sundarnagar		IN	1
Sayula		MX	1
Songadh		IN	1
Shamsābād	Shamsabad	IN	1
Sahuarita		US	1
Şurmān	Surman	LY	1
Sapanca		TR	1
Sainte-Thérèse	Sainte-Therese	CA	1
Seguin		US	1
Santa Ana		PE	1
Saryaghash		KZ	1
Sidi Mérouane	Sidi Merouane	DZ	1
San Marcos		GT	1
Sandomierz		PL	1
Santa Perpètua de Mogoda	Santa Perpetua de Mogoda	ES	1
Swakopmund		NA	1
Shoreview		US	1
Sucy-en-Brie		FR	1
Sāndi	Sandi	IN	1
South Portland		US	1
Slavutych		UA	1
Same		TL	1
Shali		RU	1
Stung Treng		KH	1
Shiraguppi		IN	1
Seririt		ID	1
San Felipe		CR	1
Sheohar		IN	1
San Carlos		UY	1
Sakleshpur		IN	1
Santeramo in Colle		IT	1
São Mateus do Sul	Sao Mateus do Sul	BR	1
Sokolov		CZ	1
Sho’rchi	Sho'rchi	UZ	1
Salo		FI	1
Sabanagrande		CO	1
Szigetszentmiklós	Szigetszentmiklos	HU	1
Soignies		BE	1
Shelui		TZ	1
Susurluk		TR	1
San		ML	1
Salem		US	1
Safīpur	Safipur	IN	1
Soledade		BR	1
São Bento	Sao Bento	BR	1
Santaluz		BR	1
Short Pump		US	1
Saltpond		GH	1
Sirāhā	Siraha	NP	1
Saint-Dié-des-Vosges	Saint-Die-des-Vosges	FR	1
San Carlos		CO	1
São Francisco do Conde	Sao Francisco do Conde	BR	1
Sakhnīn	Sakhnin	IL	1
Sevlievo		BG	1
Santa Rita do Passa Quatro		BR	1
San Bernardino Contla		MX	1
Salzkotten		DE	1
Sun City West		US	1
Statesville		US	1
Sabang		ID	1
Sellye		SK	1
Singāpur	Singapur	IN	1
Sahaspur		IN	1
Sarreguemines		FR	1
South Windsor		US	1
San Antonio Tecómitl	San Antonio Tecomitl	MX	1
Santa Quitéria	Santa Quiteria	BR	1
Saint-Bruno-de-Montarville		CA	1
Skopin		RU	1
Syracuse		US	1
Sirari		TZ	1
Semënov	Semenov	RU	1
Saint-Laurent-du-Maroni		GF	1
Syke		DE	1
Socorro		BR	1
Sanger		US	1
Selydove		UA	1
South Riding		US	1
San Benito		US	1
Sühbaatar	Suhbaatar	MN	1
Saint John’s	Saint John's	AG	1
Sitārganj	Sitarganj	IN	1
Santiago Sacatepéquez	Santiago Sacatepequez	GT	1
Sikandarpur		IN	1
Seal Beach		US	1
Srīsailain	Srisailain	IN	1
Samborondón	Samborondon	EC	1
Schleswig		DE	1
Summerlin South		US	1
Sipalay		PH	1
Setakamachi-takayanagi		JP	1
Saint-Constant		CA	1
Svay Rieng		KH	1
Scottburgh		ZA	1
Shrīrangapattana	Shrirangapattana	IN	1
Sonneberg		DE	1
South Portland Gardens		US	1
Starkville		US	1
Sliedrecht		NL	1
Sohāgpur	Sohagpur	IN	1
Şarkışla	Sarkisla	TR	1
Step’anavan	Step'anavan	AM	1
Sora		IT	1
Staunton		US	1
San Pedro del Pinatar		ES	1
San Pedro		AR	1
Sèvres	Sevres	FR	1
Spinea-Orgnano		IT	1
San Fernando		PH	1
Sovetskiy		RU	1
Sarıkamış	Sarikamis	TR	1
Skawina		PL	1
San Fernando		US	1
Saint-Pol-sur-Mer		FR	1
São Luís de Montes Belos	Sao Luis de Montes Belos	BR	1
Songwa		TZ	1
Santa Cruz del Quiché	Santa Cruz del Quiche	GT	1
South Salt Lake		US	1
Szentendre		HU	1
Scotch Plains		US	1
Semikarakorsk		RU	1
São Gonçalo do Amarante	Sao Goncalo do Amarante	BR	1
Steenbergen		NL	1
San Ignacio de Velasco		BO	1
Seriate		IT	1
Santa Cruz de El Seibo		DO	1
Strakonice		CZ	1
Sidi Abdelli		DZ	1
San Martín de los Andes	San Martin de los Andes	AR	1
Santa Maria da Vitória	Santa Maria da Vitoria	BR	1
Stellingen		DE	1
Shīshgarh	Shishgarh	IN	1
San Lorenzo		US	1
St Austell		GB	1
South Plainfield		US	1
Sāvantvādi	Savantvadi	IN	1
Sobue		JP	1
Springfield		US	1
Solon		US	1
San Marcos		NI	1
Sangerhausen		DE	1
Salah Bey		DZ	1
Soygaon		IN	1
Selargius		IT	1
Sassandra		CI	1
Schijndel		NL	1
South Old Bridge		US	1
Świebodzice	Swiebodzice	PL	1
San Sebastiano		IT	1
Selma		US	1
Sisŏphŏn	Sisophon	KH	1
Sucre		CO	1
Sibaté	Sibate	CO	1
Shirahamachō-usazakiminami	Shirahamacho-usazakiminami	JP	1
São João Nepomuceno	Sao Joao Nepomuceno	BR	1
San Jerónimo Ixtepec	San Jeronimo Ixtepec	MX	1
Sasel		DE	1
San Jorge Pueblo Nuevo		MX	1
Starnberg		DE	1
Stadthagen		DE	1
Shāmgarh	Shamgarh	IN	1
Sehnde		DE	1
San Lorenzo Acopilco		MX	1
Starý Bohumín	Stary Bohumin	CZ	1
Siófok	Siofok	HU	1
Sechura		PE	1
Sremčica	Sremcica	RS	1
Scheveningen		NL	1
Saint-Ouen-l’Aumône	Saint-Ouen-l'Aumone	FR	1
Staßfurt	Stassfurt	DE	1
Santa Luzia		BR	1
Saidpur		IN	1
Shido		JP	1
Sainte-Anne		GP	1
Searcy		US	1
Severskaya		RU	1
Sāmbhar	Sambhar	IN	1
San Miguel de Papasquiaro		MX	1
Stalybridge		GB	1
Seveso		IT	1
San Carlos		CO	1
Saiha		IN	1
Santo Tomé	Santo Tome	AR	1
Serra Negra		BR	1
Schwetzingen		DE	1
Santo Antônio do Monte	Santo Antonio do Monte	BR	1
Saint-Nicolas		BE	1
Sept-Îles	Sept-Iles	CA	1
Stratford-upon-Avon		GB	1
San Vicente		CL	1
Sirsi		IN	1
Segundo Ensanche		ES	1
Saint-Ghislain		BE	1
Shizunai-furukawachō	Shizunai-furukawacho	JP	1
San Javier		CL	1
Shakhun’ya	Shakhun'ya	RU	1
Sofo-Birnin-Gwari		NG	1
Sergach		RU	1
Spalding		GB	1
San Lazzaro		IT	1
Seaford		GB	1
Silapathar		IN	1
South Euclid		US	1
San Lorenzo		HN	1
Sandyford		IE	1
Senden		DE	1
Snina		SK	1
Shetland		GB	1
San Miguel el Alto		MX	1
Sahāwar	Sahawar	IN	1
Sidhaulī	Sidhauli	IN	1
South Bradenton		US	1
Shōbu	Shobu	JP	1
Someshwar		IN	1
San José del Guaviare	San Jose del Guaviare	CO	1
Sadalgi		IN	1
Svetlyy		RU	1
Sandviken		SE	1
Somerset		US	1
São João da Madeira	Sao Joao da Madeira	PT	1
San Cataldo		IT	1
Siwāna	Siwana	IN	1
San Giovanni la Punta		IT	1
South Holland		US	1
Starobil’s’k	Starobil's'k	UA	1
South Elgin		US	1
Santiago de Cao		PE	1
Sant Feliu de Guíxols	Sant Feliu de Guixols	ES	1
Soltau		DE	1
Sysert’	Sysert'	RU	1
San Juan de Alicante		ES	1
Sebastian		US	1
Seesen		DE	1
San Francisco Acuautla		MX	1
Sainte-Foy-lès-Lyon	Sainte-Foy-les-Lyon	FR	1
Smithfield		US	1
Sant Antoni de Portmany		ES	1
Silao		IN	1
Sakaraha		MG	1
San Justo		AR	1
Sondershausen		DE	1
Sebu		PH	1
Silute		LT	1
Środa Wielkopolska	Sroda Wielkopolska	PL	1
Świebodzin	Swiebodzin	PL	1
Shibetsu		JP	1
Senica		SK	1
Saint-Lô	Saint-Lo	FR	1
Stadtallendorf		DE	1
San Pablo		CR	1
Samthar		IN	1
Saktī	Sakti	IN	1
Sha Tin		HK	1
Suai		TL	1
Sceaux		FR	1
Santa Rosa de Viterbo		BR	1
Shimanovsk		RU	1
Summit		US	1
Sokal’	Sokal'	UA	1
Shāhpur Chākar	Shahpur Chakar	PK	1
Stoneham		US	1
South Lake Tahoe		US	1
Sedalia		US	1
Schortens		DE	1
Seondha		IN	1
Sonthofen		DE	1
Saint-Mandé	Saint-Mande	FR	1
Staraya Kupavna		RU	1
Sidney		US	1
Sampués	Sampues	CO	1
Sheksna		RU	1
Seaham		GB	1
South Milwaukee		US	1
Saint Andrews		US	1
San José de Ocoa	San Jose de Ocoa	DO	1
San Nicola la Strada		IT	1
Sexmoan		PH	1
Sulmona		IT	1
Suvorov		RU	1
Salzwedel		DE	1
Sotouboua		TG	1
Shin’ichi	Shin'ichi	JP	1
San José de Jáchal	San Jose de Jachal	AR	1
Sitampiky		MG	1
Soanindrariny		MG	1
Sabunçu	Sabuncu	AZ	1
Swanley		GB	1
Shama Junction		GH	1
Sarauli		IN	1
Silver Firs		US	1
Sumpango		GT	1
Saint-Genis-Laval		FR	1
Saint-Louis		FR	1
Sömmerda	Soemmerda	DE	1
Sunny Isles Beach		US	1
Saint-Michel-sur-Orge		FR	1
Skive		DK	1
Shiraoi		JP	1
Šuto Orizare	Suto Orizare	MK	1
Sarzedo		BR	1
Sulzbach-Rosenberg		DE	1
San Juan de Aznalfarache		ES	1
Sivagiri		IN	1
Sortavala		RU	1
Selma		US	1
Sant'Anastasia		IT	1
Surovikino		RU	1
Senago		IT	1
Sedan		FR	1
São João da Barra	Sao Joao da Barra	BR	1
Stadtlohn		DE	1
São Luís do Quitunde	Sao Luis do Quitunde	BR	1
South San Jose Hills		US	1
Sapulpa		US	1
Sainte-Suzanne		RE	1
Shōbara	Shobara	JP	1
Stamford		GB	1
Sena Madureira		BR	1
Samfya		ZM	1
Sobinka		RU	1
Sarzana		IT	1
Secunda		ZA	1
Sulphur		US	1
Suibara		JP	1
Sensuntepeque		SV	1
Sainte-Marie		MQ	1
Schilde		BE	1
San Bernardino Tlaxcalancingo		MX	1
Senden		DE	1
Shelbyville		US	1
Sachse		US	1
Shelby		US	1
Santa Anita		MX	1
Somoto		NI	1
Senta		RS	1
San Jacinto		CO	1
Schmargendorf		DE	1
San Pablo Jocopilas		GT	1
Serchhīp	Serchhip	IN	1
Strzelce Opolskie		PL	1
Sederot		IL	1
Sligo		IE	1
Srīnagar	Srinagar	IN	1
Siilinjärvi	Siilinjaervi	FI	1
San Lorenzo de Esmeraldas		EC	1
San Antonio de la Cal		MX	1
Sainte-Rose		GP	1
Shiozawa		JP	1
Sredneuralsk		RU	1
South Saint Paul		US	1
Sampaloc		PH	1
Sandown		GB	1
Sesheke		ZM	1
South El Monte		US	1
Santiago Tíanguistenco	Santiago Tianguistenco	MX	1
Sunagawa		JP	1
Stebnyk		UA	1
Shemonaīkha	Shemonaikha	KZ	1
Sirumugai		IN	1
Sing Buri		TH	1
Sürmene	Surmene	TR	1
San Giovanni Lupatoto		IT	1
Schwanewede		DE	1
Setun’	Setun'	RU	1
Slobodka		RU	1
Surkhpur		PK	1
Steinkjer		NO	1
Stadskanaal		NL	1
Sidi Ifni		MA	1
Shanjeev Home		LK	1
Swinton		GB	1
Stenløse	Stenlose	DK	1
Sueyoshichō-ninokata	Sueyoshicho-ninokata	JP	1
Socastee		US	1
Siswā Bāzār	Siswa Bazar	IN	1
Shisui		JP	1
Sāvda	Savda	IN	1
Saynshand		MN	1
Seddouk		DZ	1
Saint-Jean-de-Braye		FR	1
Steinhagen		DE	1
Shizukuishi		JP	1
Selden		US	1
Suket		IN	1
Sangod		IN	1
Southbury		US	1
Saginaw		US	1
Sawankhalok		TH	1
Springvale		AU	1
Saint-Gratien		FR	1
Sūrajgarh	Surajgarh	IN	1
Stourport-on-Severn		GB	1
Sam Roi Yot		TH	1
Sédhiou	Sedhiou	SN	1
Sarāi Naurang	Sarai Naurang	PK	1
Salmon Creek		US	1
Suay		PH	1
Sonāri	Sonari	IN	1
San Cristóbal Verapaz	San Cristobal Verapaz	GT	1
Spanish Lake		US	1
San Borja		BO	1
Seferihisar		TR	1
Sun City		US	1
San Francisco		PH	1
Seligenstadt		DE	1
São Raimundo Nonato	Sao Raimundo Nonato	BR	1
Srīrāmnagar	Sriramnagar	IN	1
Santa Cruz Cabrália	Santa Cruz Cabralia	BR	1
San Isidro		ES	1
São João dos Patos	Sao Joao dos Patos	BR	1
Sebeta		ET	1
São Gonçalo do Sapucaí	Sao Goncalo do Sapucai	BR	1
Sint-Katelijne-Waver		BE	1
Sil-li		KP	1
Schwalmtal		DE	1
Sibbo		FI	1
Skadovs’k	Skadovs'k	UA	1
Sikka		IN	1
Sojītra	Sojitra	IN	1
Singur		IN	1
Schopfheim		DE	1
Shāhpur	Shahpur	IN	1
Steilshoop		DE	1
Sobradinho		BR	1
Sun Valley		US	1
Schwalmstadt		DE	1
Svilengrad		BG	1
Spoleto		IT	1
Sun City Center		US	1
Straşeni	Straseni	MD	1
Schifferstadt		DE	1
Sondrio		IT	1
Silverdale		US	1
Schneverdingen		DE	1
Shchigry		RU	1
Shelbyville		US	1
São Sepé	Sao Sepe	BR	1
Shoreham-by-Sea		GB	1
Sanary-sur-Mer		FR	1
Senlis		FR	1
Suriānwān	Surianwan	IN	1
Santa Brígida	Santa Brigida	ES	1
San Rafael Oriente		SV	1
Sibiti		CG	1
Sokółka	Sokolka	PL	1
Saravia		PH	1
Sơn La	Son La	VN	1
Southbridge		US	1
Samho-rodongjagu		KP	1
São Sebastião do Caí	Sao Sebastiao do Cai	BR	1
Silla		ES	1
Şemdinli	Semdinli	TR	1
Sylvania		US	1
Sulya		IN	1
Sélestat	Selestat	FR	1
Sarayköy	Saraykoy	TR	1
Schagen		NL	1
São João da Talha	Sao Joao da Talha	PT	1
Shimokizukuri		JP	1
Sand Springs		US	1
Skhodnya		RU	1
Shāhpur	Shahpur	IN	1
Sierpc		PL	1
Sant'Antonio Abate		IT	1
South Elmsall		GB	1
Syosset		US	1
San Mateo Otzacatipan		MX	1
San Buenaventura		MX	1
Slyudyanka		RU	1
São Miguel do Araguaia	Sao Miguel do Araguaia	BR	1
Sombrerete		MX	1
Staroshcherbinovskaya		RU	1
Santa María Totoltepec	Santa Maria Totoltepec	MX	1
Svatove		UA	1
Shushenskoye		RU	1
Sonepur		IN	1
Sunchales		AR	1
Skara		SE	1
San Marcelino		PH	1
Sarstedt		DE	1
Schwalbach		DE	1
Sâmraông	Samraong	KH	1
Shpola		UA	1
Srirāmpur	Srirampur	IN	1
Sorgues		FR	1
Sinmak		KP	1
San Mariano		PH	1
Shushi		AZ	1
Steubenville		US	1
San Andrés Itzapa	San Andres Itzapa	GT	1
Siavonga		ZM	1
Stroitel’	Stroitel'	RU	1
Samrāla	Samrala	IN	1
São Marcos	Sao Marcos	BR	1
Seynod		FR	1
Szamotuły	Szamotuly	PL	1
San Miguel		PH	1
Santa Iria da Azóia	Santa Iria da Azoia	PT	1
Schramberg		DE	1
San Francisco		PH	1
Starodub		RU	1
Schwarzenberg		DE	1
Sugar Hill		US	1
San Mauro Torinese		IT	1
San Bartolomé	San Bartolome	ES	1
Southsea		GB	1
Surfers Paradise		AU	1
Shumikha		RU	1
Santa Gertrudes		BR	1
Schkeuditz		DE	1
Saco		US	1
Sant Quirze del Vallès	Sant Quirze del Valles	ES	1
Sélibaby	Selibaby	MR	1
Santo Amaro da Imperatriz		BR	1
Sulejówek	Sulejowek	PL	1
Santa Elena		AR	1
Santa Cruz del Norte		CU	1
Sanaur		IN	1
Shenandoah		US	1
Saraipali		IN	1
Simão Dias	Simao Dias	BR	1
Santiago Ixcuintla		MX	1
Sulzbach		DE	1
Shibushi		JP	1
Saladas		AR	1
Sherrelwood		US	1
Sagua de Tánamo	Sagua de Tanamo	CU	1
Saint-Avold		FR	1
São Domingos do Maranhão	Sao Domingos do Maranhao	BR	1
San Martín de la Vega	San Martin de la Vega	ES	1
Saint-Omer		FR	1
Snellville		US	1
Sokołów Podlaski	Sokolow Podlaski	PL	1
Simpsonville		US	1
Siquirres		CR	1
Stillwater		US	1
Студеничани	Studenichani	MK	1
São José do Egito	Sao Jose do Egito	BR	1
Soure		BR	1
Sherwood		US	1
Sestu		IT	1
Sertânia	Sertania	BR	1
San Benito Abad		CO	1
Szarvas		HU	1
Sel’tso	Sel'tso	RU	1
Somerset		US	1
Santo Antônio de Posse	Santo Antonio de Posse	BR	1
Salamina		CO	1
South Ockendon		GB	1
Sulechów	Sulechow	PL	1
Sátoraljaújhely	Satoraljaujhely	HU	1
Someren		NL	1
Sandbach		GB	1
Sakchu-ŭp	Sakchu-up	KP	1
Sint-Genesius-Rode		BE	1
Sompeta		IN	1
San Lucas Sacatepéquez	San Lucas Sacatepequez	GT	1
Susanville		US	1
Shoreham		GB	1
Samdari		IN	1
Saulgau		DE	1
South Burlington		US	1
San Lorenzo de El Escorial		ES	1
Sinzig		DE	1
Sovetsk		RU	1
Sarwār	Sarwar	IN	1
Sarāi Mīr	Sarai Mir	IN	1
Saint-Amand-les-Eaux		FR	1
Singarāyakonda	Singarayakonda	IN	1
Saint Kilda		AU	1
Saratoga Springs		US	1
Sa‘īr	Sa`ir	PS	1
San Pa Tong		TH	1
Spruce Grove		CA	1
Saýat	Sayat	TM	1
Seydi		TM	1
Socorro		CO	1
Santuario		CO	1
Sacavém	Sacavem	PT	1
Schmalkalden		DE	1
Stafford		US	1
Sin-le-Noble		FR	1
Svobody		RU	1
Sint-Gillis-Waas		BE	1
Spennymoor		GB	1
South Hadley		US	1
San Rafael		CR	1
Santiago Momoxpan		MX	1
San Vito dei Normanni		IT	1
Salaspils		LV	1
Schmelz		DE	1
Słubice	Slubice	PL	1
Százhalombatta	Szazhalombatta	HU	1
Salonta		RO	1
Saint-Jean-de-la-Ruelle		FR	1
Sycamore		US	1
Sigli		ID	1
Seymour		US	1
Saint Matthews		US	1
Same		TZ	1
Schiffweiler		DE	1
Skvyra		UA	1
Sheridan		US	1
Sarāi Ākil	Sarai Akil	IN	1
Soisy-sous-Montmorency		FR	1
Svitavy		CZ	1
Saraktash		RU	1
Springboro		US	1
San Giovanni in Fiore		IT	1
San Bonifacio		IT	1
Sudbury		US	1
Saint-Cyr-sur-Loire		FR	1
Sanxenxo		ES	1
South Orange		US	1
Stabroek		BE	1
Seabrook		US	1
Saint-Augustin-de-Desmaures		CA	1
Sardulgarh		IN	1
Suvorovskaya		RU	1
Schlüchtern	Schluechtern	DE	1
Srīperumbūdūr	Sriperumbudur	IN	1
Sabak Bernam		MY	1
São Bento	Sao Bento	BR	1
Seminole		US	1
Santo Anastácio	Santo Anastacio	BR	1
Sonsón	Sonson	CO	1
Santa Maria		CV	1
Sitangkai		PH	1
Santa Quitéria do Maranhão	Santa Quiteria do Maranhao	BR	1
Serinhisar		TR	1
Scarsdale		US	1
Sake		CD	1
Steenwijk		NL	1
Selb		DE	1
Stephenville		US	1
San Salvo		IT	1
St. Marys		US	1
Santa Rosa Jauregui		MX	1
Santa Cruz de la Palma		ES	1
Sevan		AM	1
Shurugwi		ZW	1
Skegness		GB	1
São Jerônimo	Sao Jeronimo	BR	1
Solânea	Solanea	BR	1
Saint-Lazare		CA	1
São Pedro da Cova	Sao Pedro da Cova	PT	1
Strzegom		PL	1
San Fernando de Monte Cristi		DO	1
Scarborough		TT	1
Sadabe		MG	1
San Diego		CR	1
Stekene		BE	1
Shafter		US	1
South Houston		US	1
Sacramento		BR	1
Saint-Joseph		MQ	1
San Antonio Oeste		AR	1
Sestri Levante		IT	1
Sint-Oedenrode		NL	1
San Miniato		IT	1
Silva Jardim		BR	1
Safety Harbor		US	1
Sidrolândia	Sidrolandia	BR	1
San Jorge		AR	1
Sant Celoni		ES	1
Sibanicú	Sibanicu	CU	1
Sayville		US	1
Stockach		DE	1
Sabana Grande de Boyá	Sabana Grande de Boya	DO	1
Sunnybank Hills		AU	1
Sawang Daen Din		TH	1
San Carlos Park		US	1
Saoula		DZ	1
San Ignacio		BZ	1
Savigliano		IT	1
Schneeberg		DE	1
Sivagiri		IN	1
Seabra		BR	1
Santa Maria		PH	1
Serinyol		TR	1
Sunshine West		AU	1
Santo Antônio do Amparo	Santo Antonio do Amparo	BR	1
Sallanches		FR	1
San José Iturbide	San Jose Iturbide	MX	1
Sillamäe	Sillamaee	EE	1
Scordia		IT	1
Sacile		IT	1
Shirhatti		IN	1
San Juan Bautista		PY	1
Sigmaringen		DE	1
San Felice A Cancello		IT	1
Suzzara		IT	1
Severo-Zadonsk		RU	1
Seymour		US	1
Stockelsdorf		DE	1
Sālūmbar	Salumbar	IN	1
Savanna-la-Mar		JM	1
South Ogden		US	1
Segbwema		SL	1
Swansea		US	1
Senador Pompeu		BR	1
Svalyava		UA	1
Seka		TH	1
Saint Peter Port		GG	1
São Félix do Xingu	Sao Felix do Xingu	BR	1
Sunnybank		AU	1
Springfield		US	1
Santa Lucía	Santa Lucia	UY	1
Saint Pierre		MU	1
Saint Michael		US	1
South Grafton		AU	1
Seeheim-Jugenheim		DE	1
Sunset		US	1
Sabaneta		DO	1
Schofield Barracks		US	1
Saint-Cyr-l’École	Saint-Cyr-l'Ecole	FR	1
Spittal an der Drau		AT	1
Sultanpur		IN	1
Sikeston		US	1
Sancoale		IN	1
San Martín	San Martin	CO	1
Secaucus		US	1
San Pedro de Lloc		PE	1
São Joaquim	Sao Joaquim	BR	1
Saran		FR	1
Spárti	Sparti	GR	1
San Mateo		PH	1
Seseña	Sesena	ES	1
Santa Fe Springs		US	1
Stara Pazova		RS	1
Surkhakhi		RU	1
Sainte-Catherine		CA	1
Salmon Arm		CA	1
Sudley		US	1
Stanley		GB	1
Stadt Winterthur (Kreis 1)		CH	1
San Miguel De Abona		ES	1
Shahr Sultān	Shahr Sultan	PK	1
Shilovo		RU	1
San Salvador Atenco		MX	1
Selby		GB	1
Somerset East		ZA	1
San Francisco		SV	1
Schrobenhausen		DE	1
Staszów	Staszow	PL	1
Saalfelden am Steinernen Meer		AT	1
San Vicente		PH	1
Scicli		IT	1
Sukhinichi		RU	1
San Pedro Madera		MX	1
Świdwin	Swidwin	PL	1
Saint-Leu-la-Forêt	Saint-Leu-la-Foret	FR	1
Sezze		IT	1
Shāhi	Shahi	IN	1
Siuna		NI	1
Saint-Fons		FR	1
Santa Helena		BR	1
Seaford		AU	1
Streetsboro		US	1
South River		US	1
Saint-Avertin		FR	1
San Giovanni Valdarno		IT	1
Sarigerme		TR	1
Stará Ľubovňa	Stara L'ubovna	SK	1
Sint-Kruis		BE	1
San Rafael Tlanalapan		MX	1
Sodhra		PK	1
Sinjhoro		PK	1
Sangre Grande		TT	1
Shahrak		AF	1
Solin		HR	1
Southchase		US	1
Senirkent		TR	1
Saint-Égrève	Saint-Egreve	FR	1
Sava		IT	1
Satuba		BR	1
Sartell		US	1
Sunnyside		US	1
Shāhpur	Shahpur	IN	1
Sanarate		GT	1
Sunel		IN	1
Sisauli		IN	1
Sagalo		ML	1
San Clemente		PE	1
Sannicandro Garganico		IT	1
Sant Just Desvern		ES	1
Sinnai		IT	1
San Giovanni in Persiceto		IT	1
Staphorst		NL	1
Santa Lucía	Santa Lucia	CO	1
Salsomaggiore Terme		IT	1
Sierre		CH	1
Svetogorsk		RU	1
Swanscombe		GB	1
Şimleu Silvaniei	Simleu Silvaniei	RO	1
Soba		NG	1
Schwechat		AT	1
Shchuchin		BY	1
Sinanju		KP	1
Santiago Tuxtla		MX	1
Srivaikuntam		IN	1
Saubara		BR	1
Siderno		IT	1
Simmerath		DE	1
San Narciso		PH	1
Sim		RU	1
Sarāi Sidhu	Sarai Sidhu	PK	1
Santiago Tulantepec		MX	1
Spenge		DE	1
Shorewood		US	1
San Javier		AR	1
Saint-Basile-le-Grand		CA	1
Stuart		US	1
Sleaford		GB	1
Sulūq	Suluq	LY	1
Santiago del Torno		BO	1
Satipo		PE	1
Santa María de Jesús	Santa Maria de Jesus	GT	1
Sant Carles de la Ràpita	Sant Carles de la Rapita	ES	1
Schroeder		BR	1
Shushary		RU	1
Stowbtsy		BY	1
Strunino		RU	1
Setauket-East Setauket		US	1
San Juan de Dios		CR	1
San Sebastián el Grande	San Sebastian el Grande	MX	1
Sulphur Springs		US	1
Sonzacate		SV	1
Santa Barbara		PH	1
Saint Andrews		GB	1
Seen (Kreis 3)		CH	1
São Miguel do Iguaçu	Sao Miguel do Iguacu	BR	1
Santafé	Santafe	ES	1
Siemiatycze		PL	1
Santa Cruz		PH	1
Stowmarket		GB	1
San Felipe		MX	1
Somotillo		NI	1
Sang-e Chārak	Sang-e Charak	AF	1
Sāyla	Sayla	IN	1
Sterling		US	1
Suzun		RU	1
Slobozia		MD	1
Suwanee		US	1
Siaya		KE	1
Shambu		ET	1
San Luis del Palmar		AR	1
Storrs		US	1
Sárvár	Sarvar	HU	1
Straelen		DE	1
Santomera		ES	1
Solhan		TR	1
São José de Mipibu	Sao Jose de Mipibu	BR	1
Seaford		US	1
Sucre		EC	1
Saint-Pierre-des-Corps		FR	1
Srīvardhan	Srivardhan	IN	1
San Salvador El Seco		MX	1
Saint Neots		GB	1
Sofrino		RU	1
Shively		US	1
Soumagne		BE	1
São Gabriel da Cachoeira	Sao Gabriel da Cachoeira	BR	1
Saint-Maximin-la-Sainte-Baume		FR	1
Samobor		HR	1
South Yuba City		US	1
Safi		JO	1
Steffisburg		CH	1
Suifenhe		CN	1
Sarandi		BR	1
Sarandë	Sarande	AL	1
Seven Oaks		US	1
Sarykemer		KZ	1
Sukuta		GM	1
Solec Kujawski		PL	1
Santa Bárbara	Santa Barbara	HN	1
Sorada		IN	1
San Gabriel		EC	1
Santa Cecília	Santa Cecilia	BR	1
Slaný	Slany	CZ	1
Sakassou		CI	1
Spanish Springs		US	1
Spitak		AM	1
San Rafael Arriba		CR	1
Scottsbluff		US	1
Siloam Springs		US	1
Santiago de María	Santiago de Maria	SV	1
Suluktu		KG	1
Skalica		SK	1