Tianjin		CN	739
Tokyo		JP	555
Taipei		TW	524
Tehran		IR	476
Tai’an	Tai'an	CN	366
Tianshui		CN	233
Taiyuan		CN	228
Tangshan		CN	224
Toronto		CA	173
Tashkent		UZ	131
Tabriz		IR	94
The Bronx		US	92
Tijuana		MX	91
Tangerang		ID	91
Thāne	Thane	IN	84
Tongshan		CN	79
Tripoli		LY	76
Tbilisi		GE	69
Taichung		TW	69
Teni		IN	68
Turin		IT	58
Tegucigalpa		HN	56
Takeo		KH	56
Thiruvananthapuram		IN	52
Tiruchirappalli		IN	51
Tainan		TW	51
Trujillo		PE	49
Teresina		BR	49
Tlalnepantla		MX	47
Tol’yatti	Tol'yatti	RU	46
Tunis		TN	46
Tangier		MA	45
Taguig		PH	42
Tébessa	Tebessa	DZ	42
Ta‘izz	Ta`izz	YE	41
Taizhou		CN	40
Tlalpan		MX	40
Tanggu		CN	35
Ta’if	Ta'if	SA	35
Touba		SN	35
Torreon		MX	34
Tucson		US	34
Tyumen		RU	34
Tembisa		ZA	34
Toluca		MX	33
Tlaquepaque		MX	32
Tomsk		RU	32
Tuxtla Gutiérrez	Tuxtla Gutierrez	MX	32
The Hague		NL	31
Tula		RU	31
Tabuk		SA	30
Tirunelveli		IN	29
Toulouse		FR	28
Tanda		EG	26
Taoyuan City		TW	26
Tonalá	Tonala	MX	26
Tver		RU	26
Tiruppur		IN	26
Tallinn		EE	26
Tulsa		US	26
Toyonaka		JP	25
Toyohashi		JP	25
Tirana		AL	24
Toyota		JP	24
Tamale		GH	24
Taraz		KZ	23
Takatsuki		JP	23
Thessaloníki	Thessaloniki	GR	23
Taihe		CN	23
Turmero		VE	22
Tlahuac		MX	22
Tokorozawa		JP	22
Tungi		BD	22
Tampa		US	22
Takamatsu		JP	22
Tieling		CN	22
Tétouan	Tetouan	MA	21
Toyama		JP	21
Trichūr	Trichur	IN	21
Timişoara	Timisoara	RO	21
Tampico		MX	20
Tumkūr	Tumkur	IN	20
Tawau		MY	20
Tampico		MX	19
Tambov		RU	19
Tsuen Wan		HK	19
Toledo		US	19
Tepic		MX	18
Tacna		PE	18
Taganrog		RU	18
Tasikmalaya		ID	18
Tshikapa		CD	17
Tokushima		JP	17
Tongliao		CN	17
Tarsus		TR	17
Turpan		CN	16
Talcahuano		CL	16
Thiès Nones	Thies Nones	SN	16
Taubaté	Taubate	BR	16
Tirupati		IN	16
Tel Aviv		IL	16
Tiruvottiyūr	Tiruvottiyur	IN	16
Trabzon		TR	16
Tehuacán	Tehuacan	MX	16
Takasaki		JP	16
Temuco		CL	15
Tegal		ID	15
Ternopil’	Ternopil'	UA	15
Türkmenabat	Turkmenabat	TM	15
Tagum		PH	15
Takoradi		GH	15
Taytay		PH	15
Tripoli		LB	15
Tanga		TZ	14
Tongchuan		CN	14
Takarazuka		JP	14
Thanjāvūr	Thanjavur	IN	14
Taiping		MY	14
Taboão da Serra	Taboao da Serra	BR	14
Terrassa		ES	14
Tarhuna		LY	14
Toruń	Torun	PL	13
Toamasina		MG	13
Tampere		FI	13
Taldyqorghan		KZ	13
Thika		KE	13
Tilburg		NL	13
Tacoma		US	13
Tapachula		MX	13
Talca		CL	13
Townsville		AU	13
Thành Phố Nam Định	Thanh Pho Nam Dinh	VN	12
Tanjungpinang		ID	12
Trieste		IT	12
Tarlac City		PH	12
Tallahassee		US	12
Taranto		IT	12
Tāngāil	Tangail	BD	12
Tiaret		DZ	11
Turku		FI	11
Tsukuba		JP	11
Tomakomai		JP	11
Temirtau		KZ	11
Takaoka		JP	11
Toulon		FR	11
Tuluá	Tulua	CO	11
Tsu		JP	10
Tongzhou		CN	10
Tempe		US	10
Taunggyi		MM	10
Tarija		BO	10
Tempe Junction		US	10
Ţalkhā	Talkha	EG	10
Tiraspolul		MD	10
Toledo		PH	10
Tema		GH	10
Tetuán de las Victorias	Tetuan de las Victorias	ES	10
Tottori		JP	10
Tonk		IN	10
Thành Phố Hạ Long	Thanh Pho Ha Long	VN	9
Trondheim		NO	9
Târgu-Mureş	Targu-Mures	RO	9
Taishan		CN	9
Torrance		US	9
Tabora		TZ	9
Teshi Old Town		GH	9
Tizi Ouzou		DZ	9
Tanjungbalai		ID	9
Tuzla		BA	9
Taza		MA	9
Tours		FR	9
Tirmiz		UZ	9
Tarragona		ES	9
Tutamandahostel		EC	9
Thānesar	Thanesar	IN	9
Tiruvannāmalai	Tiruvannamalai	IN	9
Telford		GB	9
Tasek Glugor		MY	9
Tyre		LB	9
Tuxpan de Rodríguez Cano	Tuxpan de Rodriguez Cano	MX	8
Thành Phố Thái Nguyên	Thanh Pho Thai Nguyen	VN	8
Talisay		PH	8
Tondabayashichō	Tondabayashicho	JP	8
Tlemcen		DZ	8
Toowoomba		AU	8
Tychy		PL	8
Tokat		TR	8
Tete		MZ	8
Teluknaga		ID	8
Titāgarh	Titagarh	IN	8
Topeka		US	8
Tando Allāhyār	Tando Allahyar	PK	8
Tipitapa		NI	8
Thousand Oaks		US	8
Torbat-e Ḩeydarīyeh	Torbat-e Heydariyeh	IR	8
Tando Ādam	Tando Adam	PK	8
Tyoply Stan		RU	8
Timon		BR	8
Targówek	Targowek	PL	8
Teresópolis	Teresopolis	BR	8
Thaton		MM	8
Tsaritsyno		RU	8
Tekirdağ	Tekirdag	TR	8
Tobruk		LY	8
Toyokawa		JP	8
Trois-Rivières	Trois-Rivieres	CA	7
Toledo		BR	7
Thornton		US	7
Torrejón de Ardoz	Torrejon de Ardoz	ES	7
Troparëvo	Troparevo	RU	7
Tarnów	Tarnow	PL	7
Tebingtinggi		ID	7
Tigwav		HT	7
Tunja		CO	7
Taldykorgan		KZ	7
Taganskiy		RU	7
Texcoco de Mora		MX	7
Tianfu		CN	7
Toliara		MG	7
Tuguegarao City		PH	7
Tobol’sk	Tobol'sk	RU	7
Thanh Hóa	Thanh Hoa	VN	7
Turhal		TR	7
Tauranga		NZ	7
Tieli		CN	7
Taitung City		TW	7
Tumbes		PE	7
Trincomalee		LK	7
Tādepallegūdem	Tadepallegudem	IN	7
Thành phố Bạc Liêu	Thanh pho Bac Lieu	VN	7
Tajimi		JP	7
Taungoo		MM	7
Tanza		PH	7
Tengzhou		CN	7
Thành Phố Hòa Bình	Thanh Pho Hoa Binh	VN	7
Tandil		AR	6
Tantoyuca		MX	6
Turgutlu		TR	6
Tulancingo		MX	6
Torrevieja		ES	6
Ternate		ID	6
Temapache		MX	6
Teófilo Otoni	Teofilo Otoni	BR	6
Tokuyama		JP	6
Tonghae		KR	6
Tartu		EE	6
Tiébo	Tiebo	SN	6
Trier		DE	6
Temecula		US	6
Telde		ES	6
Tekstil’shchiki	Tekstil'shchiki	RU	6
Tagiura		LY	6
Tsuruoka		JP	6
Thunder Bay		CA	6
Talara		PE	6
Thimphu		BT	6
Thayetmyo		MM	6
Trindade		BR	6
Tarakan		ID	6
Turkestan		KZ	6
Tellicherry		IN	6
Târgu Jiu	Targu Jiu	RO	6
Terni		IT	6
Tyler		US	6
Terrebonne		CA	6
The Woodlands		US	6
Tatuí	Tatui	BR	6
Trelew		AR	6
Tādpatri	Tadpatri	IN	6
Tulcea		RO	6
Tuxtepec		MX	6
Timóteo	Timoteo	BR	6
Tourcoing		FR	6
Temixco		MX	6
Thủ Dầu Một	Thu Dau Mot	VN	6
Tongren		CN	6
Ţahţā	Tahta	EG	6
Tuscaloosa		US	6
Tsuyama		JP	5
Tartouss		SY	5
Tinsukia		IN	5
Talavera de la Reina		ES	5
Toms River		US	5
Tocumen		PA	5
Târgovişte	Targoviste	RO	5
Tāndā	Tanda	IN	5
Tiruchengode		IN	5
Tumaco		CO	5
Tulcán	Tulcan	EC	5
Tagbilaran City		PH	5
Torre del Greco		IT	5
Tārūt	Tarut	SA	5
Trenton		US	5
Tlaxcala de Xicohtencatl		MX	5
Trinidad		BO	5
Tepatitlán de Morelos	Tepatitlan de Morelos	MX	5
Tübingen	Tuebingen	DE	5
Tracy		US	5
Taourirt		MA	5
Troitsk		RU	5
Toledo		ES	5
Tinaquillo		VE	5
Tochigi		JP	5
Tanashichō	Tanashicho	JP	5
Tangping		CN	5
Tatebayashi		JP	5
Troy		US	5
Toride		JP	5
Tahoua		NE	5
Trento		IT	5
Taixing		CN	5
Tecoman		MX	5
Tangjiazhuang		CN	5
Tambacounda		SN	5
Tumen		CN	5
Três Lagoas	Tres Lagoas	BR	5
Torrent		ES	5
Town 'n' Country		US	5
Treviso		IT	5
Tsurusaki		JP	5
Tucuruí	Tucurui	BR	5
Tuban		ID	5
Takefu		JP	5
Tarub		ID	5
Turbat		PK	5
Tustin		US	5
Troisdorf		DE	4
Tīkamgarh	Tikamgarh	IN	4
Tamworth		GB	4
Tatvan		TR	4
Taman Senai		MY	4
Tamanrasset		DZ	4
Tetovo		MK	4
Tando Muhammad Khān	Tando Muhammad Khan	PK	4
Três Rios	Tres Rios	BR	4
Tākestān	Takestan	IR	4
Taroudant		MA	4
Thākurgaon	Thakurgaon	BD	4
Tenri		JP	4
Teziutlan		MX	4
Tatabánya	Tatabanya	HU	4
Taungdwingyi		MM	4
Tiflet		MA	4
Talipparamba		IN	4
Tindivanam		IN	4
Trnava		SK	4
Totonicapán	Totonicapan	GT	4
Techiman		GH	4
Tuy Hòa	Tuy Hoa	VN	4
Tanabe		JP	4
Toba Tek Singh		PK	4
Tantou		CN	4
Tuymazy		RU	4
Turlock		US	4
Tsuruga		JP	4
Tanauan		PH	4
Türkmenbaşy	Turkmenbasy	TM	4
Tanuku		IN	4
Tolga		DZ	4
Torez		UA	4
Tangzhai		CN	4
Tamano		JP	4
Tournai		BE	4
Tsushima		JP	4
Toukh		EG	4
Tejen		TM	4
Tubarão	Tubarao	BR	4
Tomaszów Mazowiecki	Tomaszow Mazowiecki	PL	4
Trang		TH	4
Takayama		JP	4
Tailai		CN	4
Tōgane	Togane	JP	4
Temple		US	4
Tanabe		JP	4
Thenkasi		IN	4
Torremolinos		ES	4
Tendō	Tendo	JP	4
Torquay		GB	4
Tultepec		MX	4
Talisay		PH	4
Tulungagung		ID	4
Tân An	Tan An	VN	4
Talavera		PH	4
Tikhoretsk		RU	4
Tallaght		IE	4
Taloqan		AF	4
Tuapse		RU	4
Tulangan Utara		ID	4
Thành Phố Uông Bí	Thanh Pho Uong Bi	VN	4
Tura		IN	4
Tosu		JP	4
Três Corações	Tres Coracoes	BR	4
Teluk Intan		MY	4
Tāndūr	Tandur	IN	4
Taylor		US	4
Tokmok		KG	4
Tataouine		TN	4
Tanjung Pandan		ID	4
Tungipāra	Tungipara	BD	4
Tikhvin		RU	4
Taisen-ri		KR	4
Tupã	Tupa	BR	4
Tan-Tan		MA	4
Tríkala	Trikala	GR	4
Toki		JP	4
Teoloyucan		MX	4
Tianchang		CN	4
Tissemsilt		DZ	4
Tiptūr	Tiptur	IN	4
Tarnowskie Góry	Tarnowskie Gory	PL	4
Tahe		CN	4
Tartagal		AR	4
Tianpeng		CN	4
Terre Haute		US	4
Troyes		FR	4
Takaishi		JP	4
Taunton		GB	4
Tamarac		US	4
Trinidad		CU	4
Taozhuang		CN	4
Tczew		PL	4
Tanay		PH	3
Temerluh		MY	3
Tozkhurmato		IQ	3
Tohāna	Tohana	IN	3
Tulare		US	3
Talnakh		RU	3
Tam Kỳ	Tam Ky	VN	3
Torbat-e Jām	Torbat-e Jam	IR	3
Telêmaco Borba	Telemaco Borba	BR	3
Tezpur		IN	3
Thiruvarur		IN	3
Trapani		IT	3
Taylorsville		US	3
Tarn Tāran	Tarn Taran	IN	3
Tongchuan		CN	3
Tecate		MX	3
Trenčín	Trencin	SK	3
Tonawanda		US	3
Täby	Taby	SE	3
Thành Phố Hải Dương	Thanh Pho Hai Duong	VN	3
Tabaco		PH	3
Trà Vinh	Tra Vinh	VN	3
Tiruvalla		IN	3
Tilhar		IN	3
Tinley Park		US	3
Tempelhof	Tempelhof Bezirk	DE	3
Turbaco		CO	3
Thành Phố Lạng Sơn	Thanh Pho Lang Son	VN	3
Tiko		CM	3
Taunton		US	3
Tirhanimîne	Tirhanimine	MA	3
Tsévié	Tsevie	TG	3
Tomigusuku		JP	3
Taikang		CN	3
Torrelavega		ES	3
Tamiami		US	3
Towson		US	3
Tiznit		MA	3
Tirur		IN	3
Tacurong		PH	3
Turda		RO	3
Tiruttangal		IN	3
Tharyarwady		MM	3
Trujillo Alto		PR	3
Trani		IT	3
Timashëvsk	Timashevsk	RU	3
Taxco de Alarcón	Taxco de Alarcon	MX	3
Tingo María	Tingo Maria	PE	3
Tanjungagung		ID	3
Thành Phố Thái Bình	Thanh Pho Thai Binh	VN	3
Tha Maka		TH	3
Tuni		IN	3
Terbanggi Besar		ID	3
Thongwa		MM	3
Tromsø	Tromso	NO	3
Tavşanlı	Tavsanli	TR	3
Tarbes		FR	3
Ta Khmau		KH	3
Thomazeau		HT	3
Tacuarembó	Tacuarembo	UY	3
Talagante		CL	3
Telerghma		DZ	3
Tagawa		JP	3
Takāb	Takab	IR	3
Tucupita		VE	3
Talā	Tala	EG	3
The Villages		US	3
Tarma		PE	3
Tulun		RU	3
Teplice		CZ	3
Tadmur		SY	3
The Hammocks		US	3
Tūndla	Tundla	IN	3
Turbo		CO	3
Tarnobrzeg		PL	3
Tafo		GH	3
Torbalı	Torbali	TR	3
Troy		US	3
Taquaritinga		BR	3
Tateyama		JP	3
Tabas		IR	3
Tokoname		JP	3
Tomioka		JP	3
Timimoun		DZ	3
Touggourt		DZ	3
Trstenik		RS	3
T’aebaek	T'aebaek	KR	3
Tamlūk	Tamluk	IN	3
Torzhok		RU	3
Tafí Viejo	Tafi Viejo	AR	3
Tiruvallur		IN	3
Taquara		BR	3
Tigard		US	3
Talegaon Dābhāde	Talegaon Dabhade	IN	3
Tamworth		AU	3
Tire		TR	3
Tres Arroyos		AR	3
Tipton		GB	3
Ţāmiyah	Tamiyah	EG	3
Tomé	Tome	CL	3
Twante		MM	3
Toyooka		JP	3
Teghra		IN	3
Tindouf		DZ	3
Tianguá	Tiangua	BR	3
Tamana		JP	3
Takikawa		JP	3
Timbaúba	Timbauba	BR	3
Texas City		US	3
Tung Chung		HK	3
Tuckahoe		US	2
Talagang		PK	2
Tefé	Tefe	BR	2
Taunsa		PK	2
Tānda	Tanda	IN	2
Tīkāpur	Tikapur	NP	2
Trollhättan	Trollhattan	SE	2
Tepotzotlán	Tepotzotlan	MX	2
Thoubāl	Thoubal	IN	2
Thionville		FR	2
Thatta		PK	2
Tsubame		JP	2
Ţūlkarm	Tulkarm	PS	2
Twin Falls		US	2
Thohoyandou		ZA	2
Tutayev		RU	2
Titusville		US	2
Três Pontas	Tres Pontas	BR	2
Torre Annunziata		IT	2
Tumsar		IN	2
Timmins		CA	2
Tirupparangunram		IN	2
Tha Yang		TH	2
Talence		FR	2
Tamamura		JP	2
Thān	Than	IN	2
Tomiya		JP	2
Tikrīt	Tikrit	IQ	2
Talghar		KZ	2
Thun		CH	2
Tizimín	Tizimin	MX	2
Tres Cantos		ES	2
Taketoyo		JP	2
Tazoult-Lambese		DZ	2
Timizart		DZ	2
Tecuci		RO	2
Tōkamachi	Tokamachi	JP	2
Thành Phố Cao Bằng	Thanh Pho Cao Bang	VN	2
Tebesbest		DZ	2
Ţurayf	Turayf	SA	2
Tiel		NL	2
Teknāf	Teknaf	BD	2
Takahama		JP	2
Tororo		UG	2
Tarawa		KI	2
Tosno		RU	2
Tāki	Taki	IN	2
Teaneck		US	2
Ţubarjal	Tubarjal	SA	2
Tatsunochō-tominaga	Tatsunocho-tominaga	JP	2
Thiruthani		IN	2
Thakurdwara		IN	2
Tiberias		IL	2
Taal		PH	2
Turnhout		BE	2
Tual		ID	2
Tavda		RU	2
Tizayuca		MX	2
Tengrela		CI	2
Tacarigua		VE	2
Tanjay		PH	2
Tulsīpur	Tulsipur	NP	2
Talata Mafara		NG	2
Toumodi		CI	2
Thanatpin		MM	2
Tambopata		PE	2
Tønsberg	Tonsberg	NO	2
Tshela		CD	2
Třebíč	Trebic	CZ	2
Tsubata		JP	2
Thaba Nchu		ZA	2
Tallbīsah	Tallbisah	SY	2
Tānk	Tank	PK	2
Tālcher	Talcher	IN	2
Třinec	Trinec	CZ	2
Tāndliānwāla	Tandlianwala	PK	2
Tahara		JP	2
Trujillo		VE	2
Tomelloso		ES	2
Thanatpin		MM	2
Tursunzoda		TJ	2
Tarikere		IN	2
Targovishte		BG	2
Tayshet		RU	2
Tenkodogo		BF	2
Troitsk		RU	2
Tāybād	Taybad	IR	2
Tonekābon	Tonekabon	IR	2
Tynda		RU	2
Tayabas		PH	2
Tomobe		JP	2
Trowbridge		GB	2
Tonbridge		GB	2
Talas		TR	2
Tlapa de Comonfort		MX	2
Thành Phố Ninh Bình	Thanh Pho Ninh Binh	VN	2
Tinghir		MA	2
Tunduma		TZ	2
Temryuk		RU	2
Tây Ninh	Tay Ninh	VN	2
Thành Phố Tuyên Quang	Thanh Pho Tuyen Quang	VN	2
Texarkana		US	2
Torrington		US	2
Topi		PK	2
The Colony		US	2
Tábor	Tabor	CZ	2
Teramo		IT	2
Trumbull		US	2
Teykovo		RU	2
Tyldesley		GB	2
Tagudin		PH	2
Tumba		SE	2
Tessaoua		NE	2
Tuljāpur	Tuljapur	IN	2
Tremblay-en-France		FR	2
Tibati		CM	2
Temple City		US	2
Teruel		ES	2
Tha Bo		TH	2
Talas		KG	2
Tortosa		ES	2
Tangkak		MY	2
Tiassalé	Tiassale	CI	2
Tozeur		TN	2
Tarkwa		GH	2
Tāsgaon	Tasgaon	IN	2
Tokmak		UA	2
Tuttlingen		DE	2
Tramandaí	Tramandai	BR	2
Tuusula		FI	2
Theunissen		ZA	2
Tudela		ES	2
Teresa		PH	2
Tādif	Tadif	SY	2
Ti Port-de-Paix		HT	2
Tupelo		US	2
Trëkhgornyy	Trekhgornyy	RU	2
Thul		PK	2
Tādepalle	Tadepalle	IN	2
Tsuma		JP	2
Tegel		DE	2
Takeochō-takeo	Takeocho-takeo	JP	2
Tomé Açu	Tome Acu	BR	2
Timbó	Timbo	BR	2
Tuensang		IN	2
Tlapacoyan		MX	2
Tabanan		ID	2
Takahagi		JP	2
Thāna Bhawan	Thana Bhawan	IN	2
Tondano		ID	2
Tepeji de Ocampo		MX	2
Trebinje		BA	2
Tarime		TZ	2
Tumbi		TZ	2
Tanggulangin		ID	2
Tonalá	Tonala	MX	2
Taounate		MA	2
Torres		BR	2
Tangjin		KR	2
Thành Phố Hà Giang	Thanh Pho Ha Giang	VN	2
Tawaramoto		JP	2
Tamalous		DZ	2
Tuxpan		MX	2
Timbuktu		ML	2
Tenosique de Pino Suárez	Tenosique de Pino Suarez	MX	2
Turaiyūr	Turaiyur	IN	2
Tietê	Tiete	BR	2
Thành Phố Phủ Lý	Thanh Pho Phu Ly	VN	2
Tienen		BE	2
Tremembé	Tremembe	BR	2
Thonon-les-Bains		FR	2
Tando Jām	Tando Jam	PK	2
Tooele		US	2
Torre-Pacheco		ES	2
Trutnov		CZ	2
Ţafas	Tafas	SY	2
Tucano		BR	2
Thornton-Cleveleys		GB	2
Travnik		BA	2
Tigre		AR	2
Termoli		IT	2
Terracina		IT	2
Taastrup		DK	2
Tala		MX	2
Tocoa		HN	2
Topki		RU	2
Takehara		JP	2
Tarakeswar		IN	2
Tagoloan		PH	2
Télimélé	Telimele	GN	2
Tönisvorst	Toenisvorst	DE	2
Ticul		MX	2
Telsiai		LT	2
Tambo Grande		PE	2
Ts’khinvali	Ts'khinvali	GE	2
Talāja	Talaja	IN	1
Texarkana		US	1
Tiruchchendur		IN	1
Tsiombe		MG	1
Tongeren		BE	1
Tequisquiapan		MX	1
Tallkalakh		SY	1
Tobias Barreto		BR	1
Thiais		FR	1
Tangub		PH	1
Turek		PL	1
Taunusstein		DE	1
Tangi		PK	1
Tārānagar	Taranagar	IN	1
Togitsu		JP	1
Tāl	Tal	PK	1
Tewksbury		US	1
Tela		HN	1
Totton		GB	1
Ţayyibat al Imām	Tayyibat al Imam	SY	1
Tesistán	Tesistan	MX	1
Totana		ES	1
Tournefeuille		FR	1
Tanah Merah		MY	1
Tame		CO	1
Trenggalek		ID	1
Tarui		JP	1
Tunceli		TR	1
Tocache		PE	1
Tandag		PH	1
Turrialba		CR	1
Tsyurupyns’k	Tsyurupyns'k	UA	1
Turnu Măgurele	Turnu Magurele	RO	1
Tanuma		JP	1
Târnăveni	Tarnaveni	RO	1
Toshbuloq		UZ	1
Titlāgarh	Titlagarh	IN	1
Tukuyu		TZ	1
Terme		TR	1
Trappes		FR	1
Tirukkoyilur		IN	1
Tomilino		RU	1
Tampin		MY	1
Tabatinga		BR	1
Thung Song		TH	1
Talamba		PK	1
Timaru		NZ	1
Tizi Gheniff		DZ	1
Terneuzen		NL	1
Tālīkota	Talikota	IN	1
Tapah Road		MY	1
Tŭragŭrghon	Turagurghon	UZ	1
Termas de Río Hondo	Termas de Rio Hondo	AR	1
Toyoshina		JP	1
Theniet el Had		DZ	1
Tula de Allende		MX	1
Taurage		LT	1
Tomohon		ID	1
Tehri		IN	1
Tucker		US	1
Touba		CI	1
Táriba	Tariba	VE	1
Tolú	Tolu	CO	1
Tandaltī	Tandalti	SD	1
Taverny		FR	1
Taquari		BR	1
Tsiroanomandidy		MG	1
Tabuk		PH	1
Tara		RU	1
Triggiano		IT	1
Tōno	Tono	JP	1
Thomasville		US	1
Tha Muang		TH	1
Toshloq		UZ	1
Tekeli		KZ	1
Truskavets		UA	1
Trípoli	Tripoli	GR	1
Tayu		ID	1
Terdāl	Terdal	IN	1
Takahata		JP	1
Teapa		MX	1
Taloda		IN	1
Tirmitine		DZ	1
Tierralta		CO	1
Tecamachalco		MX	1
Thakhèk	Thakhek	LA	1
Tualatin		US	1
Temse		BE	1
Telabastagan		PH	1
Tamra		IL	1
Terlizzi		IT	1
Tahla		MA	1
Thetford-Mines		CA	1
Tchamba		TG	1
Tall Rif‘at	Tall Rif`at	SY	1
Treinta y Tres		UY	1
Tougué	Tougue	GN	1
Tekkalakote		IN	1
Tezontepec de Aldama		MX	1
Trelleborg		SE	1
Tequila		MX	1
Tipasa		DZ	1
Tatarsk		RU	1
Teluk Nibung		ID	1
Tanjungtiram		ID	1
Troy		US	1
Twentynine Palms		US	1
Tejupilco de Hidalgo		MX	1
Talisay		PH	1
Tepeaca		MX	1
Treviglio		IT	1
Takum		NG	1
Takahashi		JP	1
Talwāra	Talwara	IN	1
Tres Isletas		AR	1
Tharād	Tharad	IN	1
Tekkali		IN	1
Temple Terrace		US	1
Tocopilla		CL	1
Tbilisskaya		RU	1
Torres Vedras		PT	1
Trotwood		US	1
Tupaciguara		BR	1
Tultitlán	Tultitlan	MX	1
Torcy		FR	1
Tbêng Méanchey	Tbeng Meanchey	KH	1
Taiobeiras		BR	1
Tayga		RU	1
Thatcham		GB	1
Tippi		ET	1
Tak		TH	1
Tanjung Tokong		MY	1
Tegina		NG	1
Tosya		TR	1
Traun		AT	1
Toritama		BR	1
Tortola		VG	1
Tata		HU	1
Tāramangalam	Taramangalam	IN	1
Troitskaya		RU	1
Tanguá	Tangua	BR	1
Tānsen	Tansen	NP	1
Tash-Kumyr		KG	1
Trucuk		ID	1
Tacoronte		ES	1
Tallkayf		IQ	1
Tadotsu		JP	1
Tarpon Springs		US	1
Teotihuacán de Arista	Teotihuacan de Arista	MX	1
Terrytown		US	1
Tamboril		DO	1
Toba		JP	1
Triolet		MU	1
Turabah		SA	1
Tcholliré	Tchollire	CM	1
Tūkrah	Tukrah	LY	1
Taesal-li		KR	1
Trairi		BR	1
Теарце	Tearce	MK	1
Tochio-honchō	Tochio-honcho	JP	1
Termini Imerese		IT	1
Trebišov	Trebisov	SK	1
Tralee		IE	1
Tecax		MX	1
Tashtagol		RU	1
Tarāna	Tarana	IN	1
Tomares		ES	1
Törökszentmiklós	Torokszentmiklos	HU	1
The Crossings		US	1
Tortona		IT	1
Tennō	Tenno	JP	1
Tequixquiac		MX	1
Teocaltiche		MX	1
Todaraisingh		IN	1
Teotihuacán de Arista	Teotihuacan de Arista	MX	1
Todabhim		IN	1
Tiruppuvanam		IN	1
Takanabe		JP	1
Tulsīpur	Tulsipur	IN	1
Tijucas		BR	1
Taupo		NZ	1
Tha Mai		TH	1
Tejar		CR	1
Tizi-n-Tleta		DZ	1
Thornaby-on-Tees		GB	1
Tanjung Sepat		MY	1
Thornlie		AU	1
Tokār	Tokar	SD	1
Tupiza		BO	1
Tadjoura		DJ	1
Tinnanūr	Tinnanur	IN	1
Tinde		TZ	1
Truro		GB	1
Tsurugi-asahimachi		JP	1
Tékane	Tekane	MR	1
Thívai	Thivai	GR	1
Tivoli		IT	1
Tecpán Guatemala	Tecpan Guatemala	GT	1
Traralgon		AU	1
Toyohama		JP	1
Taphan Hin		TH	1
Toguchin		RU	1
Tubize		BE	1
Teutônia	Teutonia	BR	1
Tijāra	Tijara	IN	1
Tōbetsu	Tobetsu	JP	1
Telavi		GE	1
Torrelodones		ES	1
Tepecik		TR	1
Tarneit		AU	1
Tsukumiura		JP	1
Taylors		US	1
Trat		TH	1
Thetford		GB	1
Tamazunchale		MX	1
Tatsuno		JP	1
Taquarituba		BR	1
Trinidad		UY	1
Teloloapan		MX	1
Traunreut		DE	1
Tornio		FI	1
Terek		RU	1
Troyan		BG	1
Tanushimarumachi-toyoki		JP	1
Talhār	Talhar	PK	1
Telhāra	Telhara	IN	1
Thiene		IT	1
Tixtla de Guerrero		MX	1
Téra	Tera	NE	1
Trinidad		UY	1
Tacámbaro de Codallos	Tacambaro de Codallos	MX	1
Três Coroas	Tres Coroas	BR	1
Tchaourou		BJ	1
Tenango de Arista		MX	1
Tadmaït	Tadmait	DZ	1
Tambuwal		NG	1
Tor Lupara		IT	1
Tharangambadi		IN	1
Tirah		IL	1
Thamaga		BW	1
Tŭytepa	Tuytepa	UZ	1
Takelsa		TN	1
Truro		CA	1
Tervuren		BE	1
T’ongch’ŏn-ŭp	T'ongch'on-up	KP	1
Takanosu		JP	1
Târgu Neamţ	Targu Neamt	RO	1
Terrazas del Valle		MX	1
Tufānganj	Tufanganj	IN	1
Taloc		PH	1
Tisaiyanvilai		IN	1
Tubbergen		NL	1
Thomastown		AU	1
Tomaszów Lubelski	Tomaszow Lubelski	PL	1
Tegelen		NL	1
Túquerres	Tuquerres	CO	1
Tanda		CI	1
Tyrnyauz		RU	1
Târgu Secuiesc	Targu Secuiesc	RO	1
Ternate		PH	1
Torit		SS	1
Tibiri		NE	1
Trezzano sul Naviglio		IT	1
Tekirova		TR	1
Tambaú	Tambau	BR	1
Trussville		US	1
Tías	Tias	ES	1
Tanguiéta	Tanguieta	BJ	1
Tamuning-Tumon-Harmon Village		GU	1
Tongelre		NL	1
Tysons Corner		US	1
Teltow		DE	1
Terrace		CA	1
Trecate		IT	1
Teguise		ES	1
Taft		IR	1
Telgte		DE	1
Tchibanga		GA	1
Toktogul		KG	1
Trindade		BR	1
Tāoru	Taoru	IN	1
Tielt		BE	1
Tillabéri	Tillaberi	NE	1
Taşova	Tasova	TR	1
Tomar		PT	1
Tutong		BN	1
Tarumizu		JP	1
Titao		BF	1
Tha Ruea		TH	1
Tukwila		US	1
Talitsa		RU	1
Tekāri	Tekari	IN	1
Tlaquiltenango		MX	1
Tirat Karmel		IL	1
Torhout		BE	1
Tajerouine		TN	1
Tal’menka	Tal'menka	RU	1
Trenton		US	1
Trzebinia		PL	1
Twinsburg		US	1
Torgau		DE	1
Tsirang		BT	1
Tullahoma		US	1
Talitsa		RU	1
Tapes		BR	1
Tarko-Sale		RU	1
Turinsk		RU	1
Trudovoye		RU	1
Thoen		TH	1
Traunstein		DE	1
Thomasville		US	1
Tamazula de Gordiano		MX	1
Tsukawaki		JP	1
Tukums		LV	1
Thāsra	Thasra	IN	1
Três de Maio	Tres de Maio	BR	1
Tourlaville		FR	1
Tanabi		BR	1
Thorold		CA	1
Tavernes de la Valldigna		ES	1
Tiquisate		GT	1
Terter		AZ	1
Tettnang		DE	1
Tolosa		ES	1
Troy		US	1
Tirumala		IN	1
Tres de Mayo		MX	1
Tiffin		US	1
Tamandaré	Tamandare	BR	1
Tinton Falls		US	1
Timbiras		BR	1
Tizi Rached		DZ	1
Takhatpur		IN	1
Tqvarch'eli		GE	1
Teo		ES	1
Tarifa		ES	1
Taufkirchen		DE	1
Tonota		BW	1
Tunapuna		TT	1
Thāru Shāh	Tharu Shah	PK	1
Toul		FR	1
Templin		DE	1
Tapolca		HU	1
Tougan		BF	1
Tallmadge		US	1
Tājpur	Tajpur	IN	1
Taşköprü	Taskopru	TR	1
Tupanciretã	Tupancireta	BR	1
Tynemouth		GB	1
Thornbury		AU	1
Tillmans Corner		US	1
Tumwater		US	1
Tonj		SS	1
Tiszaújváros	Tiszaujvaros	HU	1
Três Passos	Tres Passos	BR	1
Takhatgarh		IN	1
Tui		ES	1
Tak Bai		TH	1
Torvaianica		IT	1
Tekkeköy	Tekkekoy	TR	1
Tena		EC	1
Tradate		IT	1
Taleigao		IN	1
Terzigno		IT	1
Tabou		CI	1
Tirebolu		TR	1
Trentola-Ducenta		IT	1
Tandahimba		TZ	1
Tlajomulco de Zúñiga	Tlajomulco de Zuniga	MX	1
Tulle		FR	1
Torremaggiore		IT	1
Tzaneen		ZA	1
Tuen Mun		HK	1
Tabira		BR	1
Tassin-la-Demi-Lune		FR	1
Trzcianka		PL	1
Tanakpur		IN	1
Tanque Verde		US	1
Torrox		ES	1
Tuchkovo		RU	1
Tiwi		PH	1
Tiverton		GB	1
Tsaratanana		MG	1
Tsqaltubo		GE	1
Takoma Park		US	1
Tagta		TM	1
Taree		AU	1
Thap Than		TH	1
Taradale		NZ	1
Teonthar		IN	1
Tessenderlo		BE	1
Tanauan		PH	1
Tapiramutá	Tapiramuta	BR	1
Tàrrega	Tarrega	ES	1
Tarauacá	Tarauaca	BR	1
Tupi		PH	1
Tonoshō	Tonosho	JP	1
Tolentino		IT	1
Turgutreis		TR	1
Tondi		IN	1
Tasböget	Tasboget	KZ	1
Tuntum		BR	1
Talwandi Bhai		IN	1
Tal’ne	Tal'ne	UA	1
Takedamachi		JP	1
Tifton		US	1
Tingi		TZ	1
Tai Po		HK	1
Tando Ghulām Ali	Tando Ghulam Ali	PK	1
Teolocholco		MX	1
Traiskirchen		AT	1
Truckee		US	1
Thenia		DZ	1
Tul’chyn	Tul'chyn	UA	1
Trubchevsk		RU	1
Taylors Lakes		AU	1
Thala		TN	1
Tonga		CM	1
Tullinge		SE	1
Tongging		ID	1
Tadley		GB	1
Tsotsin-Yurt		RU	1
Tepoztlán	Tepoztlan	MX	1
Troutdale		US	1
Thākurganj	Thakurganj	IN	1
Trento		PH	1
Tecámac de Felipe Villanueva	Tecamac de Felipe Villanueva	MX	1
Terrell		US	1
Tahlequah		US	1
Talladega		US	1
Tarancón	Tarancon	ES	1
Ţūbās	Tubas	PS	1
Talacogon		PH	1
Thap Khlo		TH	1
Teignmouth		GB	1
Tergnier		FR	1
Tīrthahalli	Tirthahalli	IN	1
Tordera		ES	1
Tsimlyansk		RU	1
Tagas		PH	1
Tepalcatepec		MX	1
Torredembarra		ES	1
Tecamac de Felipe Villanueva		MX	1
Tanout		NE	1
Teodoro Sampaio		BR	1
Taylor		US	1
Tangancícuaro de Arista	Tangancicuaro de Arista	MX	1
Trbovlje		SI	1
Ternitz		AT	1
Tonawanda		US	1
Trindade		BR	1
Tepatlaxco de Hidalgo		MX	1
Three Lakes		US	1
Trossingen		DE	1
Tucumã	Tucuma	BR	1