Cairo		EG	515
City of London		GB	503
Chongqing		CN	497
Chengdu		CN	494
Chennai		IN	288
Changchun		CN	279
Chittagong		BD	261
Cape Town		ZA	228
Casablanca		MA	209
Changsha		CN	206
Caracas		VE	200
Chicago		US	179
Cali		CO	159
Camayenne		GN	124
Conakry		GN	117
Curitiba		BR	114
Ciudad Juárez	Ciudad Juarez	MX	100
Córdoba	Cordoba	AR	95
Ciudad Nezahualcoyotl		MX	82
Copenhagen		DK	76
Chelyabinsk		RU	70
Changshu City		CN	69
Campinas		BR	68
Calgary		CA	67
Chandigarh		IN	64
Coimbatore		IN	63
Cartagena		CO	63
Changzhou		CN	63
Chiba		JP	61
Cochabamba		BO	60
Callao		PE	54
Chihuahua		MX	53
Cebu City		PH	53
Çankaya	Cankaya	TR	52
Columbus		US	52
Cotonou		BJ	52
Ciudad Guayana		VE	49
Charlotte		US	48
Campo Grande		BR	48
Cúcuta	Cucuta	CO	48
City of Balikpapan		ID	46
Changzhi		CN	46
Culiacán	Culiacan	MX	45
Colombo		LK	43
Chişinău	Chisinau	MD	42
Cheongju-si		KR	42
Coyoacán	Coyoacan	MX	41
Contagem		BR	41
Cochin		IN	40
Cuttack		IN	38
Chiclayo		PE	38
Changwon		KR	36
Cancún	Cancun	MX	36
Cangzhou		CN	35
Cuiabá	Cuiaba	BR	34
Cuauhtémoc	Cuauhtemoc	MX	34
Ciudad López Mateos	Ciudad Lopez Mateos	MX	34
Changde		CN	34
Cimahi		ID	32
Cuautitlán Izcalli	Cuautitlan Izcalli	MX	31
Calabar		NG	30
Constantine		DZ	30
Chengde		CN	29
Cheboksary		RU	29
Cagayan de Oro		PH	29
Carrefour		HT	29
Chaozhou		CN	28
Colorado Springs		US	27
Chaoyang		CN	27
Cleveland		US	26
Comilla		BD	25
Campos		BR	25
Caxias do Sul		BR	25
Canberra		AU	24
Cheonan		KR	24
Christchurch		NZ	24
Carapicuíba	Carapicuiba	BR	24
Campina Grande		BR	23
Camagüey	Camaguey	CU	23
Chifeng		CN	23
Cuernavaca		MX	22
Chitungwiza		ZW	22
Corrientes		AR	22
Ciudad Bolívar	Ciudad Bolivar	VE	22
Córdoba	Cordoba	ES	21
Chānda	Chanda	IN	21
Canoas		BR	21
Chongjin		KP	21
Ciudad del Este		PY	21
Chimbote		PE	21
Cluj-Napoca		RO	21
Calamba		PH	21
Cherepovets		RU	21
Coacalco		MX	20
Cusco		PE	20
Chita		RU	20
Coventry		GB	20
Chernihiv		UA	20
Chinju		KR	20
Celaya		MX	20
Corpus Christi		US	20
Craiova		RO	20
Constanţa	Constanta	RO	20
Cardiff		GB	20
Cherkasy		UA	19
Cincinnati		US	19
Catania		IT	19
Cainta		PH	18
Chuzhou		CN	18
Cuenca		EC	18
Caucaia		BR	18
Ciudad Victoria		MX	17
Chengzhong		CN	17
Cần Thơ	Can Tho	VN	17
Ciudad Obregón	Ciudad Obregon	MX	17
Cumaná	Cumana	VE	17
Cascavel		BR	17
Chimoio		MZ	17
Cirebon		ID	16
Cox’s Bāzār	Cox's Bazar	BD	16
Carabanchel		ES	16
Colonia del Valle		MX	16
Częstochowa	Czestochowa	PL	16
Chemnitz		DE	16
Chula Vista		US	16
Chernivtsi		UA	15
Chandler		US	15
Caruaru		BR	15
Centurion		ZA	15
Chigasaki		JP	15
Coatzacoalcos		MX	15
Croix des Bouquets		HT	15
Ciudad Lineal		ES	15
Chesapeake		US	14
Cabanatuan City		PH	14
Chon Buri		TH	14
Colombo		BR	14
Concepción	Concepcion	CL	14
Centralniy		RU	14
Chōfugaoka	Chofugaoka	JP	14
Cartagena		ES	14
Chuncheon		KR	13
Ciputat		ID	13
Ciampea		ID	13
Campeche		MX	13
Çorlu	Corlu	TR	13
Cileungsir		ID	13
Chiniot		PK	13
Chāpra	Chapra	IN	13
Chiang Mai		TH	13
Cabimas		VE	13
Charleroi		BE	13
Changji		CN	13
Capiatá	Capiata	PY	13
Coro		VE	13
Ciudad Madero		MX	12
Curug		ID	12
Cork		IE	12
Columbus		US	12
Camaçari	Camacari	BR	12
Cibinong		ID	12
Cachoeiro de Itapemirim		BR	12
Cienfuegos		CU	12
Cergy-Pontoise		FR	12
Çorum	Corum	TR	12
Cúa	Cua	VE	12
Carletonville		ZA	12
Chandannagar		IN	12
Castelló de la Plana	Castello de la Plana	ES	12
Cotabato		PH	11
Chenzhou		CN	11
Chlef		DZ	11
Cotia		BR	11
Cikupa		ID	11
Cuajimalpa		MX	11
Croydon		GB	11
Carolina		PR	11
Chirchiq		UZ	11
Chattanooga		US	11
Chilpancingo de los Bravos		MX	11
Chalco de Díaz Covarrubias	Chalco de Diaz Covarrubias	MX	10
Criciúma	Criciuma	BR	10
Coquimbo		CL	10
Chapecó	Chapeco	BR	10
Cuddalore		IN	10
Centro Habana		CU	10
Cape Coral		US	10
Chincha Alta		PE	10
Cairns		AU	10
Chenghua		CN	10
Corona		US	10
Cần Giuộc	Can Giuoc	VN	10
Cholula		MX	10
Chillán	Chillan	CL	10
City Center		ES	9
Cagliari		IT	9
Chingola		ZM	9
Chizhou		CN	9
Caxias		BR	9
Cam Ranh		VN	9
Cuautla Morelos		MX	9
Chamberí	Chamberi	ES	9
Cikampek		ID	9
Concordia		AR	9
Ciudad Acuña	Ciudad Acuna	MX	9
Cabo		BR	9
Calama		CL	9
Cape Coast		GH	9
Ciego de Ávila	Ciego de Avila	CU	9
Chertanovo Yuzhnoye		RU	9
Ciudad del Carmen		MX	9
Comodoro Rivadavia		AR	9
Chamartín	Chamartin	ES	9
Choloma		HN	9
Clermont-Ferrand		FR	9
Chitradurga		IN	9
Chaohu		CN	9
Castanhal		BR	9
Cẩm Phả Mines	Cam Pha Mines	VN	9
Cary		US	9
Cajamarca		PE	9
Chhindwāra	Chhindwara	IN	8
Cartago		CO	8
Chetumal		MX	8
Córdoba	Cordoba	MX	8
Clarksville		US	8
Cerro		CU	8
Copiapó	Copiapo	CL	8
Columbia		US	8
Charallave		VE	8
Cadiz		PH	8
Cambridge		GB	8
Colima		MX	8
Cuddapah		IN	8
Cadiz		ES	8
Chinandega		NI	8
Cedar Rapids		US	8
Ciamis		ID	8
Chishtiān Mandi	Chishtian Mandi	PK	8
Concord		US	8
Chikmagalūr	Chikmagalur	IN	8
Coral Springs		US	8
Cachoeirinha		BR	8
Cambridge		CA	8
Charleston		US	8
Charlottenburg	Charlottenburg Bezirk	DE	7
Carrollton		US	7
Cagua		VE	7
Cubatão	Cubatao	BR	7
Chicacole		IN	7
Ciudad de Villa de Álvarez	Ciudad de Villa de Alvarez	MX	7
Calabozo		VE	7
Čačak	Cacak	RS	7
Cherkessk		RU	7
Cavite City		PH	7
Coquitlam		CA	7
Cuito		AO	7
Chorzów	Chorzow	PL	7
Chanduasi		IN	7
Chās	Chas	IN	7
Carúpano	Carupano	VE	7
Cà Mau	Ca Mau	VN	7
Conselheiro Lafaiete		BR	7
Chhatarpur		IN	7
Cileunyi		ID	7
Ciutat Vella		ES	7
Caen		FR	7
Citeureup		ID	7
Costa Mesa		US	7
Catanduva		BR	7
Ciudad Valles		MX	7
Colchester		GB	7
Columbia		US	7
Cabo Frio		BR	7
Clearwater		US	7
Crawley		GB	7
Catia La Mar		VE	7
Chittaurgarh		IN	7
Cherëmushki	Cheremushki	RU	7
Coimbra		PT	7
Cikarang		ID	7
Carlsbad		US	7
Cambridge		US	7
Chūru	Churu	IN	6
Cheltenham		GB	6
Ciudad Delicias		MX	6
Chelmsford		GB	6
Curicó	Curico	CL	6
Concepción de La Vega	Concepcion de La Vega	DO	6
Chakwāl	Chakwal	PK	6
Colatina		BR	6
Ciudad Guzmán	Ciudad Guzman	MX	6
Coronel Fabriciano		BR	6
Centennial		US	6
Chikushino-shi		JP	6
Colonia Lindavista		MX	6
Chanthaburi		TH	6
Clinton		US	6
Columbia		US	6
Cárdenas	Cardenas	CU	6
Chengzihe		CN	6
Chinautla		GT	6
Corumbá	Corumba	BR	6
Compton		US	6
Chālisgaon	Chalisgaon	IN	6
Ceyhan		TR	6
České Budějovice	Ceske Budejovice	CZ	6
Clovis		US	6
Charsadda		PK	6
Campo Largo		BR	6
Chilakalūrupet	Chilakalurupet	IN	6
Cacém	Cacem	PT	6
College Station		US	6
Carora		VE	6
Changping		CN	6
Cáceres	Caceres	ES	6
Chitose		JP	6
Coronel		CL	6
Caringin		ID	6
Calumpit		PH	6
Carson		US	6
Cambé	Cambe	BR	6
Chauk		MM	6
Caraguatatuba		BR	6
Cuauhtémoc	Cuauhtemoc	MX	6
Coslada		ES	6
Cicurug		ID	5
Crato		BR	5
Contai		IN	5
Chosica		PE	5
Chaman		PK	5
Ciénaga	Cienaga	CO	5
Çanakkale	Canakkale	TR	5
Caieiras		BR	5
Chīrāla	Chirala	IN	5
Canton		US	5
Caguas		PR	5
Chaykovskiy		RU	5
Cornellà de Llobregat	Cornella de Llobregat	ES	5
Chico		US	5
Chipata		ZM	5
Cárdenas	Cardenas	MX	5
Courbevoie		FR	5
Créteil	Creteil	FR	5
Cottbus		DE	5
Cuautitlán	Cuautitlan	MX	5
Çerkezköy	Cerkezkoey	TR	5
Curepipe		MU	5
Clifton		US	5
Ciudad Lázaro Cárdenas	Ciudad Lazaro Cardenas	MX	5
Cicero		US	5
Citrus Heights		US	5
Codó	Codo	BR	5
Chervonohrad		UA	5
Chīchāwatni	Chichawatni	PK	5
Changqing		CN	5
Chiguayante		CL	5
Cukai		MY	5
Chimaltenango		GT	5
Colombes		FR	5
Como		IT	5
Campana		AR	5
Champaign		US	5
Cizre		TR	5
Cranston		US	5
Ciudad Mante		MX	5
Comitán	Comitan	MX	5
Cruzeiro do Sul		BR	5
Chichicastenango		GT	5
Cesena		IT	5
Carmel		US	5
Concord		US	5
Catanzaro		IT	5
Cerro de Pasco		PE	5
Chiang Rai		TH	5
Ceuta		ES	5
Chino		US	5
Castrop-Rauxel		DE	5
Ciranjang-hilir		ID	5
Camden		US	5
Chiclana de la Frontera		ES	5
Coyah		GN	5
Chester		GB	5
Chilliwack		CA	5
Champigny-sur-Marne		FR	5
Colón	Colon	PA	5
Ciudad Choluteca		HN	5
Chekhov		RU	5
Chatham		GB	5
Campo Mourão	Campo Mourao	BR	5
Chaoyang		CN	5
Cheektowaga		US	5
Cipolletti		AR	5
Củ Chi	Cu Chi	VN	5
Chino Hills		US	4
Cachoeira do Sul		BR	4
Changnyeong		KR	4
Calais		FR	4
Ciudad Real		ES	4
Chimbas		AR	4
Chiautla		MX	4
Chāndpur	Chandpur	IN	4
Canary Wharf		GB	4
Cuamba		MZ	4
Canton		US	4
Caserta		IT	4
Carlisle		GB	4
Caçapava	Cacapava	BR	4
Cheria		DZ	4
Capas		PH	4
Cruzeiro		BR	4
Colonia Mariano Roque Alonso		PY	4
Caidian		CN	4
Chintāmani	Chintamani	IN	4
Chelghoum el Aïd	Chelghoum el Aid	DZ	4
Chernogorsk		RU	4
Changtu		CN	4
Centreville		US	4
Cinisello Balsamo		IT	4
Chengyang		CN	4
Celle		DE	4
Carpina		BR	4
Chesterfield		GB	4
Cherry Hill		US	4
Crewe		GB	4
Contramaestre		CU	4
Cho Dok		VN	4
Chapayevsk		RU	4
Ciudad Sandino		NI	4
Cannes		FR	4
Consolación del Sur	Consolacion del Sur	CU	4
Chālūs	Chalus	IR	4
Chūhar Kāna	Chuhar Kana	PK	4
Chulucanas		PE	4
Chinchiná	Chinchina	CO	4
Catbalogan		PH	4
Cannock		GB	4
Chełm	Chelm	PL	4
Cadereyta		MX	4
Chamrajnagar		IN	4
Chaihe		CN	4
Calbayog City		PH	4
Campiña	Campina	ES	4
Concepción del Uruguay	Concepcion del Uruguay	AR	4
Chaguanas		TT	4
Caohe		CN	4
City of Isabela		PH	4
Chiryū	Chiryu	JP	4
Casas Adobes		US	4
Channapatna		IN	4
Chengyang		CN	4
Chāībāsa	Chaibasa	IN	4
Cabinda		AO	4
Calapan		PH	4
Castellammare di Stabia		IT	4
Chengalpattu		IN	4
Chopda		IN	4
Caldas		CO	4
Colmar		FR	4
Cruz Alta		BR	4
Capelle aan den IJssel		NL	4
Camarillo		US	4
Ciudad Frontera		MX	4
Chust Shahri		UZ	4
Čair	Cair	MK	4
Chacao		VE	4
Chía	Chia	CO	4
Changli		CN	4
Concepcion		PH	4
Chinnachowk		IN	4
Curvelo		BR	4
Cyangugu		RW	4
Colón	Colon	CU	4
Cosenza		IT	4
Cao Lãnh	Cao Lanh	VN	4
Caçador	Cacador	BR	4
Chokwé	Chokwe	MZ	4
Caldas Novas		BR	4
Catalão	Catalao	BR	4
Ciudad Lerdo		MX	4
Carol City		US	4
Cannanore		IN	4
Cataguases		BR	4
Çubuk	Cubuk	TR	4
Council Bluffs		US	4
Chistopol’	Chistopol'	RU	4
Calarcá	Calarca	CO	4
Castelldefels		ES	4
Carmichael		US	4
Chinhoyi		ZW	4
Chambéry	Chambery	FR	4
Cayenne		GF	4
Coon Rapids		US	4
Castro Valley		US	4
Chinch'ŏn	Chinch'on	KR	4
Candelaria		PH	4
Cumbum		IN	4
Canoga Park		US	4
Caratinga		BR	4
Coney Island		US	4
Colonia Nativitas		MX	4
Chelsea		GB	4
Cremona		IT	3
Cheyenne		US	3
Carazinho		BR	3
Craigavon		GB	3
Chibuto		MZ	3
Chalkída	Chalkida	GR	3
Caucaguita		VE	3
Conway		US	3
Comayagua		HN	3
Cerdanyola del Vallès	Cerdanyola del Valles	ES	3
Carrara		IT	3
Chidambaram		IN	3
Chichibu		JP	3
Casoria		IT	3
Chonglong		CN	3
Chaiyaphum		TH	3
Cupertino		US	3
Caucasia		CO	3
Chik Ballāpur	Chik Ballapur	IN	3
Cergy		FR	3
Clichy		FR	3
Cheremkhovo		RU	3
Cheshunt		GB	3
Chililabombwe		ZM	3
Chūniān	Chunian	PK	3
Catacaos		PE	3
Chapel Hill		US	3
Chhibrāmau	Chhibramau	IN	3
Colegiales		AR	3
Caltanissetta		IT	3
Cajamar		BR	3
Castlereagh		GB	3
Chino		JP	3
Chernaya Rechka		RU	3
Changleng		CN	3
Cortazar		MX	3
Conroe		US	3
Cianorte		BR	3
Carmona		PH	3
Cuenca		ES	3
Changling		CN	3
Chumphon		TH	3
Cacoal		BR	3
Cereté	Cerete	CO	3
Concórdia	Concordia	BR	3
Casper		US	3
Chicopee		US	3
Carson City		US	3
Cần Giờ	Can Gio	VN	3
Cepu		ID	3
Collado-Villalba		ES	3
Ciudad Hidalgo		MX	3
Caicó	Caico	BR	3
Cabedelo		BR	3
Caaguazú	Caaguazu	PY	3
Clacton-on-Sea		GB	3
Chivilcoy		AR	3
Corvallis		US	3
Cerignola		IT	3
Chaniá	Chania	GR	3
Charikar		AF	3
Challakere		IN	3
Cobán	Coban	GT	3
Chaeryŏng-ŭp	Chaeryong-up	KP	3
Campos do Jordão	Campos do Jordao	BR	3
Châteauroux	Chateauroux	FR	3
Camaquã	Camaqua	BR	3
Cholet		FR	3
Carpi Centro		IT	3
Crateús	Crateus	BR	3
Coconut Creek		US	3
Chikhli		IN	3
Cuxhaven		DE	3
Caucagüito	Caucaguito	VE	3
Corroios		PT	3
Charleville-Mézières	Charleville-Mezieres	FR	3
Cascavel		BR	3
Colton		US	3
Crosby		GB	3
Corralillo		CU	3
Calvià	Calvia	ES	3
Chiplūn	Chiplun	IN	3
Changanācheri	Changanacheri	IN	3
Charleston		US	3
Clamart		FR	3
Coronel Oviedo		PY	3
City of Milford (balance)		US	3
Châlons-en-Champagne	Chalons-en-Champagne	FR	3
Cathedral City		US	3
Comal		ID	3
Catalina Foothills		US	3
Charkhi Dādri	Charkhi Dadri	IN	3
Coari		BR	3
Çarşamba	Carsamba	TR	3
Chomutov		CZ	3
Chusovoy		RU	3
Corby		GB	3
Cabiao		PH	3
Chortoq		UZ	3
Chachoengsao		TH	3
Chilmāri	Chilmari	BD	3
Cuyahoga Falls		US	3
Carcassonne		FR	3
Cumbernauld		GB	3
Cha-am		TH	3
Ciudad Sabinas		MX	3
Cerritos		US	3
Cedar Park		US	3
Cornwall		CA	3
Congonhas		BR	3
Crotone		IT	3
Consolacion		PH	3
Casa Grande		US	3
Cornélio Procópio	Cornelio Procopio	BR	3
Coatepec		MX	3
Chigorodó	Chigorodo	CO	3
Cojutepeque		SV	3
Chiautempan		MX	3
Castle Rock		US	3
Cwmbran		GB	3
Cava Dè Tirreni	Cava De Tirreni	IT	3
Concepción	Concepcion	PY	3
Ciudad de Huajuapan de León	Ciudad de Huajuapan de Leon	MX	3
Cruz das Almas		BR	3
Cypress		US	3
Covina		US	3
Churāchāndpur	Churachandpur	IN	3
Cosmópolis	Cosmopolis	BR	3
Capanema		BR	3
Civitavecchia		IT	3
Campo Belo		BR	3
Chesterfield		US	3
Catarman		PH	3
Cutral-Có	Cutral-Co	AR	3
Candaba		PH	3
Chegutu		ZW	3
Chabahar		IR	3
Castres		FR	3
Chalon-sur-Saône	Chalon-sur-Saone	FR	3
Country Club		US	3
Canterbury		GB	3
Chelles		FR	3
Chenārān	Chenaran	IR	3
Cagnes-sur-Mer		FR	3
Chatra		IN	3
Coral Gables		US	3
Choma		ZM	3
Collegno		IT	3
Corato		IT	3
Chebarkul’	Chebarkul'	RU	3
Ciechanów	Ciechanow	PL	3
Cuneo		IT	3
Chum Phae		TH	3
Curup		ID	3
Caldwell		US	3
Cachoeiras de Macacu		BR	3
Cleveland Heights		US	3
Cypress		US	3
Commerce City		US	3
Chivacoa		VE	3
Cherthala		IN	3
Casalnuovo di Napoli		IT	3
Coihaique		CL	3
Cologno Monzese		IT	3
City of Sammamish		US	3
Çumra	Cumra	TR	3
Coatepeque		GT	3
Chaïdári	Chaidari	GR	3
Carshalton		GB	3
Ceres		US	3
Centar Župa	Centar Zupa	MK	3
Chittaranjan		IN	3
Chiquinquirá	Chiquinquira	CO	3
Cametá	Cameta	BR	3
Chernyakhovsk		RU	3
Cedar Hill		US	3
Candi Prambanan		ID	2
Canlaon		PH	2
Chone		EC	2
Cabaiguán	Cabaiguan	CU	2
Camocim		BR	2
Chieti		IT	2
Cuscatancingo		SV	2
Compiègne	Compiegne	FR	2
Coeur d'Alene		US	2
Columbus		US	2
Chitré	Chitre	PA	2
Collierville		US	2
Cajazeiras		BR	2
Chartres		FR	2
Colmenar Viejo		ES	2
Charlottesville		US	2
Châteauguay	Chateauguay	CA	2
Caluire-et-Cuire		FR	2
Canindé	Caninde	BR	2
Concord		US	2
Cacocum		CU	2
Cabo San Lucas		MX	2
Compostela		PH	2
Charlottetown		CA	2
Christchurch		GB	2
Chilecito		AR	2
Canning		IN	2
Castro		BR	2
Chepén	Chepen	PE	2
Coburg		DE	2
Chioggia		IT	2
Cotuí	Cotui	DO	2
Ceres		ZA	2
Catonsville		US	2
Câmpina	Campina	RO	2
Chiquimula		GT	2
Coity		GB	2
Chidawa		IN	2
Cleveland		US	2
Chatsworth		US	2
Chāmpa	Champa	IN	2
Civitanova Marche		IT	2
Coatbridge		GB	2
Capannori		IT	2
Comalcalco		MX	2
Carrollwood Village		US	2
Chapadinha		BR	2
Crystal Lake		US	2
Carcar		PH	2
Coachella		US	2
Covington		US	2
Carrizal		VE	2
Chakradharpur		IN	2
Corbeil-Essonnes		FR	2
Cascina		IT	2
Cutler Bay		US	2
Cifuentes		CU	2
Charlottenlund		DK	2
Chrzanów	Chrzanow	PL	2
Catu		BR	2
Ciudad Constitución	Ciudad Constitucion	MX	2
Chetouane		DZ	2
Corozal		CO	2
Chu		KZ	2
Campobasso		IT	2
Carol Stream		US	2
Camiling		PH	2
Cimin		TR	2
Cranbourne		AU	2
Chojnice		PL	2
Changyŏn	Changyon	KP	2
Campbell		US	2
Chhāgalnāiya	Chhagalnaiya	BD	2
Cegléd	Cegled	HU	2
Cedar Falls		US	2
Chhātak	Chhatak	BD	2
Chinnamanūr	Chinnamanur	IN	2
Castleford		GB	2
Caibarién	Caibarien	CU	2
Coram		US	2
Culver City		US	2
Canoinhas		BR	2
Česká Lípa	Ceska Lipa	CZ	2
Cabreúva	Cabreuva	BR	2
Caloundra		AU	2
Cumanayagua		CU	2
Coppell		US	2
Calexico		US	2
Cové	Cove	BJ	2
Chaklāsi	Chaklasi	IN	2
Channelview		US	2
Condado		CU	2
Chak Āzam Saffo	Chak Azam Saffo	PK	2
Carnot		CF	2
Chāvakkād	Chavakkad	IN	2
Cape Girardeau		US	2
Constitución	Constitucion	CL	2
Caraballeda		VE	2
Clovis		US	2
Ciudad Camargo		MX	2
Carpentersville		US	2
Channarāyapatna	Channarayapatna	IN	2
Celje		SI	2
Calaca		PH	2
Cantù	Cantu	IT	2
Châtellerault	Chatellerault	FR	2
Capâo Bonito	Capao Bonito	BR	2
Calumet City		US	2
Cesano Maderno		IT	2
Chester-le-Street		GB	2
Chippenham		GB	2
Colonia Santa Teresa		MX	2
Coesfeld		DE	2
Castelli		AR	2
Calauan		PH	2
Cristalina		BR	2
Cheyyar		IN	2
Chuhuyiv		UA	2
Cambrai		FR	2
Chunār	Chunar	IN	2
Cascais		PT	2
Curuzú Cuatiá	Curuzu Cuatia	AR	2
Conflans-Sainte-Honorine		FR	2
Chefchaouene		MA	2
Coelho Neto		BR	2
Commack		US	2
Chipping Sodbury		GB	2
Caleta Olivia		AR	2
Cañada de Gómez	Canada de Gomez	AR	2
Clinton		US	2
Chernushka		RU	2
Capão da Canoa	Capao da Canoa	BR	2
Coyotepec		MX	2
Choisy-le-Roi		FR	2
Cieszyn		PL	2
Currais Novos		BR	2
Ciudad Mendoza		MX	2
Coventry		US	2
Capivari		BR	2
Camajuaní	Camajuani	CU	2
Castle Hill		AU	2
Caltagirone		IT	2
Cerquilho		BR	2
Castricum		NL	2
Châtelet	Chatelet	BE	2
Cieza		ES	2
Chelsea		US	2
Ciampino		IT	2
Conceição do Coité	Conceicao do Coite	BR	2
Carini		IT	2
Chikodi		IN	2
Claremont		US	2
Cumberland		US	2
Czechowice-Dziedzice		PL	2
Columbia		US	2
Caivano		IT	2
Cottage Grove		US	2
Chacabuco		AR	2
Curridabat		CR	2
Cahul		MD	2
Central Islip		US	2
Char Bhadrāsan	Char Bhadrasan	BD	2
Chalinze		TZ	2
Czeladź	Czeladz	PL	2
Çay	Cay	TR	2
Coroatá	Coroata	BR	2
Chester		US	2
Chelmsford		US	2
Chorley		GB	2
Ceerigaabo		SO	2
Casalecchio di Reno		IT	2
Caracal		RO	2
Corsico		IT	2
Caucete		AR	2
Chilibre		PA	2
Canela		BR	2
Chillum		US	2
Castelo Branco		PT	2
Cintalapa de Figueroa		MX	2
Cottonwood Heights		US	2
Cananea		MX	2
Campbell River		CA	2
Carrollwood		US	2
Coalville		GB	2
Cheb		CZ	2
Caeté	Caete	BR	2
Chichigalpa		NI	2
Chaksu		IN	2
Cantaura		VE	2
Canicattì	Canicatti	IT	2
Cradock		ZA	2
Campi Bisenzio		IT	2
Courtenay		CA	2
Châtenay-Malabry	Chatenay-Malabry	FR	2
Capitão Poço	Capitao Poco	BR	2
Cravinhos		BR	2
Ceará Mirim	Ceara Mirim	BR	2
Chanderi		IN	2
Chur		CH	2
Cambrils		ES	2
Caicedonia		CO	2
Châtillon	Chatillon	FR	2
Chocope		PE	2
Coaraci		BR	2
Chalchuapa		SV	2
Crailsheim		DE	2
Câmara de Lobos	Camara de Lobos	PT	2
Chiapa de Corzo		MX	2
Curtea de Argeş	Curtea de Arges	RO	2
Chieri		IT	2
Centro Familiar la Soledad		MX	2
Curitibanos		BR	2
Charqueadas		BR	2
Copperas Cove		US	2
Cleethorpes		GB	2
Casilda		AR	2
Creil		FR	2
Campo Maior		BR	2
Castro-Urdiales		ES	2
Chittūr	Chittur	IN	2
Centereach		US	2
Ceylanpınar	Ceylanpinar	TR	2
Crema		IT	2
Coruripe		BR	2
Chemmumiahpet		IN	2
Camargo		ES	2
Côte-Saint-Luc	Cote-Saint-Luc	CA	2
Colomiers		FR	2
Cauquenes		CL	2
Cheongsong gun		KR	2
Casale Monferrato		IT	2
Cloppenburg		DE	2
Cabadbaran		PH	2
Campina Grande do Sul		BR	2
Caerphilly		GB	2
Carballo		ES	2
Charenton-le-Pont		FR	2
Chanika		TZ	2
Cholargós	Cholargos	GR	2
Colwyn Bay		GB	2
Conegliano		IT	2
Chajarí	Chajari	AR	2
Curanilahue		CL	2
Coatzintla		MX	2
Cookeville		US	2
College Park		US	2
Caluquembe		AO	2
Chicago Heights		US	2
Cardona		PH	2
Coxim		BR	2
Ciudad Vieja		GT	2
Candelária	Candelaria	BR	2
Camberley		GB	2
Chītāpur	Chitapur	IN	2
Clearfield		US	2
Chatou		FR	2
Canosa di Puglia		IT	2
Cát Bà	Cat Ba	VN	2
Cherpulassery		IN	2
Cramlington		GB	1
Carney		US	1
Castro		CL	1
Clydebank		GB	1
Carpentras		FR	1
Ciudad Fernández	Ciudad Fernandez	MX	1
Calp		ES	1
Cativá	Cativa	PA	1
Ciro Redondo		CU	1
Constanza		DO	1
Courcelles		BE	1
Cheshire		US	1
Cleburne		US	1
Calpulalpan		MX	1
Cordova		PH	1
Carrickfergus		GB	1
Comé	Come	BJ	1
Ciutadella		ES	1
Cernusco sul Naviglio		IT	1
Chŏngju	Chongju	KP	1
Clichy-sous-Bois		FR	1
Chodavaram		IN	1
Chaumont		FR	1
Centenario		AR	1
Cheadle Hulme		GB	1
Cedar City		US	1
Chortkiv		UA	1
Cosamaloapan de Carpio		MX	1
Clermont		US	1
Czerwionka-Leszczyny		PL	1
Chaupimarca		PE	1
Ciudad Sahagun		MX	1
Ceper		ID	1
Crevillente		ES	1
Cooper City		US	1
Coondapoor		IN	1
Carmona		ES	1
Culleredo		ES	1
Caxito		AO	1
Chichester		GB	1
Chiredzi		ZW	1
Cruz del Eje		AR	1
Cândido Mota	Candido Mota	BR	1
Coria del Río	Coria del Rio	ES	1
Cranberry Township		US	1
Cataño	Catano	PR	1
Castelvetrano		IT	1
Camiri		BO	1
Chatan		JP	1
Cheraga		DZ	1
Charata		AR	1
Chato		TZ	1
Champs-sur-Marne		FR	1
Charef		DZ	1
Cajati		BR	1
Caransebeş	Caransebes	RO	1
Cleckheaton		GB	1
Cisterna di Latina		IT	1
Crofton		US	1
Chakapara		IN	1
Crown Point		US	1
Castillejos		PH	1
Caetité	Caetite	BR	1
Conceição do Araguaia	Conceicao do Araguaia	BR	1
Capitán Bermúdez	Capitan Bermudez	AR	1
Catarroja		ES	1
Corfu		GR	1
Coronel Suárez	Coronel Suarez	AR	1
Chancay		PE	1
Clinton		US	1
Central		US	1
Cutler Ridge		US	1
Culemborg		NL	1
Catanauan		PH	1
Calabanga		PH	1
Camaiore		IT	1
Cavaillon		FR	1
Cherbourg-Octeville		FR	1
Caldas da Rainha		PT	1
Cartago		CR	1
Cobija		BO	1
Cayambe		EC	1
Chiavari		IT	1
Ceeldheer		SO	1
Cachan		FR	1
Carmo do Paranaíba	Carmo do Paranaiba	BR	1
Cueto		CU	1
Cantonment		US	1
Changsu		KR	1
Câmpia Turzii	Campia Turzii	RO	1
Canidelo		PT	1
Caravaca		ES	1
Canavieiras		BR	1
Chacarita		CR	1
Coffs Harbour		AU	1
Comiso		IT	1
Colomadu		ID	1
Casselberry		US	1
Çan	Can	TR	1
Carlsbad		US	1
Camden Town		GB	1
Cantel		GT	1
Congleton		GB	1
Camas		ES	1
Carbondale		US	1
Chīpurupalle	Chipurupalle	IN	1
Český Těšín	Cesky Tesin	CZ	1
Cangas do Morrazo		ES	1
Coleraine		GB	1
Chhabra		IN	1
Cordeirópolis	Cordeiropolis	BR	1
Concepcion Ibaba		PH	1
Collinsville		US	1
Castelfranco Veneto		IT	1
Crowthorne		GB	1
Colonelganj		IN	1
Coulsdon		GB	1
Cullinan		ZA	1
Carangola		BR	1
Cabagan		PH	1
Castlewood		US	1
Clinton		US	1
Coudekerque-Branche		FR	1
Chai Badan		TH	1
Colinas		BR	1
Campechuela		CU	1
Chengannūr	Chengannur	IN	1
Chandauli		IN	1
Cajicá	Cajica	CO	1
Coburg		AU	1
Cave Spring		US	1
Cruces		CU	1
Charkhāri	Charkhari	IN	1
Cornelius		US	1
Chimala		TZ	1
Corcoran		US	1
Champotón	Champoton	MX	1
Calahorra		ES	1
Cugir		RO	1
Chilaw		LK	1
Caledonia		US	1
Čadca	Cadca	SK	1
Çayeli	Cayeli	TR	1
Chinoz		UZ	1
Chharra		IN	1
Ciudad Altamirano		MX	1
Chhota Udepur		IN	1
Carrollton		US	1
Coral Terrace		US	1
Candelaria		ES	1
Chiknāyakanhalli	Chiknayakanhalli	IN	1
Columbine		US	1
Calasiao		PH	1
Calafell		ES	1
Catemaco		MX	1
Citrus Park		US	1
Codlea		RO	1
Cullera		ES	1
Chambas		CU	1
Colgong		IN	1
Chettipālaiyam	Chettipalaiyam	IN	1
Cuijk		NL	1
Centerville		US	1
Caazapá	Caazapa	PY	1
Candelaria		CO	1
Chios		GR	1
Campo Formoso		BR	1
Chengam		IN	1
Casa Santa		IT	1
Cudahy		US	1
Capinzal		BR	1
Cabot		US	1
Chaska		US	1
Corsicana		US	1
Calw		DE	1
Comăneşti	Comanesti	RO	1
Charneca		PT	1
Carnaxide		PT	1
Chilapa de Alvarez		MX	1
Columbus		US	1
Chrudim		CZ	1
Chawinda		PK	1
Cliffside Park		US	1
Copertino		IT	1
Chhātāpur	Chhatapur	IN	1
Cesano Boscone		IT	1
Chok Chai		TH	1
Cahors		FR	1
Catende		BR	1
Canning Vale		AU	1
Calimete		CU	1
Cambre		ES	1
Chiffa		DZ	1
Chākan	Chakan	IN	1
Chāndur	Chandur	IN	1
Colachel		IN	1
Champlin		US	1
Calabasas		US	1
Chantilly		US	1
Candler-McAfee		US	1
Chivasso		IT	1
Carmagnola		IT	1
Castellar del Vallès	Castellar del Valles	ES	1
Copiague		US	1
Canton		US	1
Chanhassen		US	1
Cloverleaf		US	1
Comrat		MD	1
Changuinola		PA	1
Carteret		US	1
Colleyville		US	1
Campo Verde		BR	1
Campo de la Cruz		CO	1
Chapletown		GB	1
Caxambu		BR	1
Ceadîr-Lunga	Ceadir-Lunga	MD	1
Conversano		IT	1
Cumbum		IN	1
Coromandel		BR	1
Cranford		US	1
Chala		TZ	1
Chambly		CA	1
Campoalegre		CO	1
Campos Novos		BR	1
Curchorem		IN	1
Camborne		GB	1
Città di Castello	Citta di Castello	IT	1
Casa Branca		BR	1
Cottage Lake		US	1
Crimmitschau		DE	1
Clevedon		GB	1
Cenon		FR	1
Combs-la-Ville		FR	1
Coswig		DE	1
Comonfort		MX	1
Campos Gerais		BR	1
Cardito		IT	1
Crystal		US	1
Ciempozuelos		ES	1
Ciudad Serdán	Ciudad Serdan	MX	1
Corinto		BR	1
Columbus		US	1
Curumaní	Curumani	CO	1
Cecina		IT	1
Cururupu		BR	1
Chishmy		RU	1
Cormeilles-en-Parisis		FR	1
Calatayud		ES	1
Chillicothe		US	1
Cogan		PH	1
Castel Volturno		IT	1
Coín	Coin	ES	1
Chandrakona		IN	1
Charleston		US	1
Cláudio	Claudio	BR	1
Çaycuma	Caycuma	TR	1
Cazin		BA	1
Carcaixent		ES	1
Clarksville		US	1
Colonia del Sacramento		UY	1
Caacupé	Caacupe	PY	1
Căuşeni	Causeni	MD	1
Cherven Bryag		BG	1
Chake Chake		TZ	1
Canton		US	1
Carbonia		IT	1
Conceição do Jacuípe	Conceicao do Jacuipe	BR	1
Chemini		DZ	1
Chebba		TN	1
Cuenca		PH	1
Chkalov		TJ	1
Chamba		IN	1
Černý Most	Cerny Most	CZ	1
Coatlinchán	Coatlinchan	MX	1
Caboolture		AU	1
Concarneau		FR	1
Cambará	Cambara	BR	1
Carlingford		AU	1
Croix		FR	1
Cabra		ES	1
Conchal		BR	1
Çine	Cine	TR	1
Çeşme	Cesme	TR	1
Cártama	Cartama	ES	1
Caringbah		AU	1
Canyon Lake		US	1
Chhāta	Chhata	IN	1
Cambuí	Cambui	BR	1
Cassano Magnago		IT	1
Caála	Caala	AO	1
Caparica		PT	1
Cauto Cristo		CU	1
Carmen de Viboral		CO	1
Chatrapur		IN	1
Cassino		IT	1
Christiansburg		US	1
Consett		GB	1
Chester		US	1
Conil de la Frontera		ES	1
Crestview		US	1
Çermik	Cermik	TR	1
Chaudfontaine		BE	1
Caterham		GB	1
Cognac		FR	1
Cumberland		US	1
Crest Hill		US	1
Calauag		PH	1
Castaños	Castanos	MX	1
Clement Town		IN	1
Clarence-Rockland		CA	1
Cockeysville		US	1
Carei		RO	1
Comalapa		GT	1
Colleferro		IT	1
Crowborough		GB	1
Calle Blancos		CR	1
Chesham		GB	1
Carepa		CO	1
Casal di Principe		IT	1
Ćuprija	Cuprija	RS	1
Chełmno	Chelmno	PL	1
Chorfa		DZ	1
Chillupār	Chillupar	IN	1
Capulhuac		MX	1
Cervia		IT	1
Chernogolovka		RU	1
Colorado		BR	1
Chincholi		IN	1
Clinton		US	1
Chicacao		GT	1
Channagiri		IN	1
Cosoleacaque		MX	1
Carcavelos		PT	1
Cofradía	Cofradia	HN	1
Castrovillari		IT	1
Chapala		MX	1
Cañas	Canas	CR	1
Chamalières	Chamalieres	FR	1
Cheltenham		AU	1
Chachapoyas		PE	1
Chambersburg		US	1
Castelo		BR	1
Camarate		PT	1
Cañete	Canete	CL	1
Canguçu	Cangucu	BR	1
Cherepanovo		RU	1
Chevilly-Larue		FR	1
Colne		GB	1
Circasia		CO	1
Chinna Salem		IN	1
Cornaredo		IT	1
Colombia		CU	1
Coconut Grove		US	1
Capelinha		BR	1
Chalfont Saint Peter		GB	1
Carlow		IE	1
Corabia		RO	1
Charlotte Amalie		VI	1
Castries		LC	1
Chislehurst		GB	1
Cole Harbour		CA	1
Campinas		BR	1
Chaparral		CO	1
Cranendonck		NL	1
Colfontaine		BE	1
Charthāwal	Charthawal	IN	1
Corinth		US	1
Chebli		DZ	1
Clifton		US	1
Ciudad Miguel Alemán	Ciudad Miguel Aleman	MX	1
Capesterre-Belle-Eau		GP	1
Cinco Saltos		AR	1
Catolé do Rocha	Catole do Rocha	BR	1
Cluses		FR	1
Chodzież	Chodziez	PL	1
Câmpulung Moldovenesc	Campulung Moldovenesc	RO	1
City of Parramatta		AU	1
Cartersville		US	1
Craigieburn		AU	1
Canelones		UY	1
Comitancillo		GT	1
Calvillo		MX	1
Camberwell		AU	1
Cerro Azul		MX	1
Chinú	Chinu	CO	1
Chāndor	Chandor	IN	1
Condado		BR	1
Carrboro		US	1
Chubek		TJ	1
Cajuru		BR	1
Celbridge		IE	1
Chabet el Ameur		DZ	1
Columbia Heights		US	1
Couëron	Coueron	FR	1
Cormano		IT	1
Chessington		GB	1
Custoias		PT	1
Central Falls		US	1
Chalatenango		SV	1
Casarano		IT	1
Chiroqchi		UZ	1
Camas		US	1
Cran-Gevrier		FR	1
Chunghwa		KP	1
Carouge		CH	1
Çatalca	Catalca	TR	1
Conceição da Barra	Conceicao da Barra	BR	1
Clydach		GB	1
Chāpar	Chapar	IN	1
Chhaprauli		IN	1
Cortland		US	1
Corinto		NI	1
Chāndūr	Chandur	IN	1
Camacupa		AO	1
Colomba		GT	1
Carlos Barbosa		BR	1
Camp Springs		US	1
Cupira		BR	1
Casimiro de Abreu		BR	1
Cosquín	Cosquin	AR	1
Chiconcuac		MX	1
Castaic		US	1
Challans		FR	1
Cesenatico		IT	1
Coronado		US	1
Coralville		US	1
Cusano Milanino		IT	1
Canguaretama		BR	1
Chilly-Mazarin		FR	1
Chicholi		IN	1
Chipinge		ZW	1
Catabola		AO	1
Cournon-d’Auvergne	Cournon-d'Auvergne	FR	1
Chāndūr Bāzār	Chandur Bazar	IN	1
Casa de Oro-Mount Helix		US	1
Ceres		BR	1
Ciudad Nueva		DO	1
Chaville		FR	1
Compostela		PH	1
Chhāpar	Chhapar	IN	1
Chowchilla		US	1
Corner Brook		CA	1
Carlisle		US	1
Casavatore		IT	1
Calafat		RO	1
Clemmons		US	1
Calella		ES	1
Cranbourne		AU	1
Cranbrook		CA	1
Cholpon-Ata		KG	1
Chipiona		ES	1
Claremore		US	1
Csongrád	Csongrad	HU	1
Catamayo		EC	1
Carvin		FR	1
Castiglione delle Stiviere		IT	1
Cernavodă	Cernavoda	RO	1
Cassilândia	Cassilandia	BR	1
Cayey		PR	1
Chegem		RU	1
Casamassima		IT	1
Cotoca		BO	1
Cabrero		CL	1
Chetput		IN	1
Cícero Dantas	Cicero Dantas	BR	1
Chennevières-sur-Marne	Chennevieres-sur-Marne	FR	1
Crespo		AR	1
Cinco Ranch		US	1
Cary		US	1
Cudahy		US	1
Cameron Park		US	1
Chapel Allerton		GB	1
Converse		US	1
Cēsis	Cesis	LV	1
Cento		IT	1
Chak Two Hundred Forty-Nine TDA		PK	1
Cutler		US	1
Custódia	Custodia	BR	1
Cobourg		CA	1
Carauari		BR	1
Carquefou		FR	1
Cestas		FR	1
Castelnau-le-Lez		FR	1
Chichén-Itzá	Chichen-Itza	MX	1
Chicureo Abajo		CL	1
Carlos A. Carrillo		MX	1
Clarksdale		US	1
Charlottenburg-Nord		DE	1
Callosa de Segura		ES	1
Cartaya		ES	1
Cunduacán	Cunduacan	MX	1
Creve Coeur		US	1
Chākia	Chakia	IN	1
Camanducaia		BR	1
Cercola		IT	1
Çerkeş	Cerkes	TR	1
Colonia		US	1
Cuautlancingo		MX	1
Calverton		US	1
Centre de Flacq		MU	1
Campos Sales		BR	1
Candelaria		PR	1
Ciénaga de Oro	Cienaga de Oro	CO	1
Covilhã	Covilha	PT	1
Covington		US	1
Chon Daen		TH	1
Chervonopartyzans’k	Chervonopartyzans'k	UA	1
Christiana		ZA	1
Caçapava do Sul	Cacapava do Sul	BR	1
Carigara		PH	1
Ciudad de Huitzuco		MX	1
Calangute		IN	1
Ciriè	Cirie	IT	1
Colonial Heights		US	1
Cluain Meala		IE	1
Chudovo		RU	1
Chimbarongo		CL	1
Chhoti Sādri	Chhoti Sadri	IN	1
Chhala		IN	1
Capim Grosso		BR	1
Castelfranco Emilia		IT	1
Cham		DE	1
Calceta		EC	1
Cassano d'Adda		IT	1
Casa Blanca		MX	1
Chirpan		BG	1
Carrum Downs		AU	1
Ciudad Anáhuac	Ciudad Anahuac	MX	1
Central Point		US	1
Castilleja de la Cuesta		ES	1
Cocoa		US	1
Chã Grande	Cha Grande	BR	1
Conway		US	1
Conception Bay South		CA	1
Chalāla	Chalala	IN	1
Chisec		GT	1
Cowes		GB	1
Colchester		US	1
Catumbela		AO	1
Coronda		AR	1
Carmelo		UY	1
Center Point		US	1
Caldes de Montbui		ES	1
Cartagena		CL	1
Cariamanga		EC	1
Challapalle		IN	1
Concord		US	1
Campo Alegre		BR	1
Cronulla		AU	1
Chalmette		US	1
Chimichagua		CO	1
Chelak		UZ	1
Cobham		GB	1
Carandaí	Carandai	BR	1
Česká Třebová	Ceska Trebova	CZ	1
Camoapa		NI	1
Colle di Val d'Elsa		IT	1
Cardedeu		ES	1
Corinto		CO	1
Clarksburg		US	1
Cuautepec de Hinojosa		MX	1
Country Club Hills		US	1
Cabayangan		PH	1
Ceglie Messapica		IT	1
Cihuatlán	Cihuatlan	MX	1
Cowley		GB	1
Cuilapa		GT	1
Camaná	Camana	PE	1
Concord		US	1
Cañon City	Canon City	US	1
Cessnock		AU	1
Collipulli		CL	1
Culpeper		US	1
Caronno Pertusella		IT	1
Cochrane		CA	1
Centralia		US	1
Carmo do Cajuru		BR	1
Chor		PK	1
Carnegie		AU	1
Chennimalai		IN	1
Ciudad de Huitzuco		MX	1
Cehegín	Cehegin	ES	1
Carolina		BR	1
Ciudad Bolívar	Ciudad Bolivar	CO	1
Cesson-Sévigné	Cesson-Sevigne	FR	1
Cirencester		GB	1
Chunskiy		RU	1
Cattolica		IT	1
Cohoes		US	1
Compostela		MX	1
Cimarron Hills		US	1
Conceição das Alagoas	Conceicao das Alagoas	BR	1
Cachoeira		BR	1
Chignahuapan		MX	1
Cuncolim		IN	1
Clayton		US	1
Calatagan		PH	1
Cabrobó	Cabrobo	BR	1
Castel Maggiore		IT	1
Chongoyape		PE	1
Chickasha		US	1
Canovelles		ES	1
Capela		BR	1
Châteaudun	Chateaudun	FR	1
Cherry Hill		US	1
Country Walk		US	1
Coos Bay		US	1
Cordenons		IT	1
Corvera de Asturias		ES	1
Candiac		CA	1
Clayton		US	1
Château-Thierry	Chateau-Thierry	FR	1
Carthage		TN	1
Crawfordsville		US	1
Cerveteri		IT	1
Colima		CR	1
Čakovec	Cakovec	HR	1
Conde		BR	1
Coronel Vivida		BR	1
Conceição da Feira	Conceicao da Feira	BR	1
Canby		US	1
Collingwood		CA	1
Chenôve	Chenove	FR	1
Chuhar Jamāli	Chuhar Jamali	PK	1
Canteleu		FR	1
Choszczno		PL	1
Conisbrough		GB	1
Crépy-en-Valois	Crepy-en-Valois	FR	1
Camrose		CA	1
Calhoun		US	1
Carcarañá	Carcarana	AR	1
Cordeiro		BR	1
Calumpang		PH	1
Campos Belos		BR	1
Chānasma	Chanasma	IN	1
Correggio		IT	1
Conde		BR	1
Clayton		AU	1
Chiari		IT	1
Çağlayancerit	Caglayancerit	TR	1
Carlet		ES	1
Chai Nat		TH	1
Carrières-sous-Poissy	Carrieres-sous-Poissy	FR	1
Clive		US	1
Capua		IT	1
Carate Brianza		IT	1
Chełmża	Chelmza	PL	1
Cugnaux		FR	1
Cova Figueira		CV	1
Cibolo		US	1
Clausthal-Zellerfeld		DE	1
Choa Saidān Shāh	Choa Saidan Shah	PK	1
Centerville		US	1
Chepo		PA	1
Cardenas		MX	1
Coulommiers		FR	1
Chernyanka		RU	1
Clearlake		US	1
Carmarthen		GB	1
Cahokia		US	1
Chotila		IN	1
Conyers		US	1
Cambridge		NZ	1
Chiriguaná	Chiriguana	CO	1
Catriel		AR	1
Celso Ramos		BR	1
Chom Bueng		TH	1
Cetinje		ME	1
Corigliano Scalo		IT	1
Carindale		AU	1
Crucecita		MX	1
Cloverly		US	1
Coishco		PE	1
Cajueiro		BR	1
Cruzeiro do Oeste		BR	1
Cisnădie	Cisnadie	RO	1
Clitheroe		GB	1
Campo de Criptana		ES	1