Mumbai		IN	846
Mexico City		MX	819
Manila		PH	696
Moscow		RU	692
Melbourne		AU	283
Madrid		ES	217
Mogadishu		SO	172
Mashhad		IR	153
Maracaibo		VE	148
Medellín	Medellin	CO	133
Maracay		VE	116
Medan		ID	116
Minsk		BY	116
Mosul		IQ	115
Montréal	Montreal	CA	106
Manaus		BR	106
Manhattan		US	99
Multān	Multan	PK	95
Mecca		SA	88
Makassar		ID	88
Medina		SA	86
Montevideo		UY	84
Munich		DE	84
Milano		IT	82
Meerut		IN	81
Mandalay		MM	80
Maputo		MZ	79
Monterrey		MX	74
Malingao		PH	74
Maiduguri		NG	74
Managua		NI	64
Maceió	Maceio	BR	63
Monrovia		LR	62
Madurai		IN	60
Mendoza		AR	58
Mbuji-Mayi		CD	58
Mysore		IN	57
Marrakesh		MA	55
Mombasa		KE	53
Muscat		OM	53
Marseille		FR	52
Malang		ID	49
Muzaffarābād	Muzaffarabad	PK	48
Morādābād	Moradabad	IN	48
Mérida	Merida	MX	47
Matola		MZ	45
Mississauga		CA	44
Mudanjiang		CN	44
Memphis		US	43
Mexicali		MX	39
Milwaukee		US	39
Morelia		MX	39
Málaga	Malaga	ES	37
Mar del Plata		AR	36
Meknès	Meknes	MA	36
Mercin		TR	35
Macau		MO	34
Mykolayiv		UA	34
Makati City		PH	34
Makhachkala		RU	33
Masina		CD	32
Mariupol		UA	32
Mixco		GT	31
Matsudo		JP	31
Mansilingan		PH	30
Manado		ID	30
Muratpaşa	Muratpasa	TR	30
Matsuyama		JP	29
Malatya		TR	29
Mesa		US	29
Mawlamyine		MM	29
Murcia		ES	29
Mwanza		TZ	29
Mālegaon	Malegaon	IN	29
Maltepe		TR	28
Mangalore		IN	27
Magnitogorsk		RU	27
Maturín	Maturin	VE	27
Machida		JP	26
Miami		US	26
Manchester		GB	26
Mişrātah	Misratah	LY	25
Mauá	Maua	BR	25
Minneapolis		US	25
Makiyivka		UA	25
Minato		JP	25
Mahilyow		BY	24
Manukau City		NZ	24
Manizales		CO	23
Mazatlán	Mazatlan	MX	23
Miguel Hidalgo		MX	23
Muzaffarnagar		IN	23
Macapá	Macapa	BR	22
Muzaffarpur		IN	22
Montes Claros		BR	22
Mandaue City		PH	22
Mathura		IN	22
Mogi das Cruzes		BR	21
Maroua		CM	21
Morón	Moron	AR	21
Murmansk		RU	21
Mataram		ID	21
Maringá	Maringa	BR	20
Miyazaki		JP	20
Mannheim		DE	20
Mandaluyong City		PH	20
Mazār-e Sharīf	Mazar-e Sharif	AF	20
Mardan		PK	20
Mérida	Merida	VE	20
Malir Cantonment		PK	20
Māndu	Mandu	IN	20
Morioka		JP	19
Makurdi		NG	19
Minna		NG	19
Mbeya		TZ	19
Mueang Nonthaburi		TH	19
Meads		US	19
Marienthal		DE	19
Maebashi		JP	18
Mingora		PK	18
Mokolo		CM	18
Montería	Monteria	CO	18
Münster	Muenster	DE	18
Moppo		KR	17
Mantampay		PH	17
Mianyang		CN	17
Mönchengladbach	Moenchengladbach	DE	17
Markham		CA	17
Malmö	Malmoe	SE	17
Morogoro		TZ	16
Montpellier		FR	16
Mito		JP	16
Mau		IN	16
Manisa		TR	16
Mar’ino	Mar'ino	RU	16
Madison		US	15
Marka		SO	15
Magdeburg		DE	15
Magdalena Contreras		MX	15
Miri		MY	15
Mubi		NG	15
Mymensingh		BD	15
Minamirinkan		JP	14
Mirzāpur	Mirzapur	IN	14
Messina		IT	14
Mount Lavinia		LK	14
Mirpur Khas		PK	14
Mekele		ET	14
Mucumpiz		VE	14
Mokotów	Mokotow	PL	14
Marília	Marilia	BR	14
Matsumoto		JP	14
Móstoles	Mostoles	ES	13
Montgomery		US	13
Monghyr		IN	13
Mossoró	Mossoro	BR	13
Modesto		US	13
Malolos		PH	13
Machala		EC	13
Mentougou		CN	13
Murwāra	Murwara	IN	13
Monclova		MX	13
Mobile		US	13
Maracanaú	Maracanau	BR	12
Moreno Valley		US	12
Machilīpatnam	Machilipatnam	IN	12
Mwene-Ditu		CD	12
Mabalacat City		PH	12
Mohammedia		MA	12
Madiun		ID	12
Moratuwa		LK	12
Mainz		DE	12
Meycauayan		PH	12
Milton Keynes		GB	12
Mutare		ZW	12
Mbandaka		CD	12
Manta		EC	12
Mitaka-shi		JP	12
Monywa		MM	12
Malacca		MY	12
Matadi		CD	12
Meiktila		MM	11
Malāyer	Malayer	IR	11
Mzuzu		MW	11
Myeik		MM	11
Midrand		ZA	11
Metepec		MX	11
Miskolc		HU	11
Mülheim (Ruhr)	Muelheim (Ruhr)	DE	11
Miass		RU	11
Muzaffargarh		PK	11
Murīdke	Muridke	PK	10
Maradi		NE	10
Mahābād	Mahabad	IR	10
Madhyamgram		IN	10
Malakal		SS	10
Mytishchi		RU	10
Mejicanos		SV	10
Modena		IT	10
Maykop		RU	10
Melitopol’	Melitopol'	UA	10
Moshi		TZ	10
Matsue		JP	10
Malabo		GQ	10
Middelburg		ZA	10
Mahajanga		MG	10
Medinīpur	Medinipur	IN	10
Morena		IN	10
Minatitlan		MX	10
Malkajgiri		IN	10
Mascara		DZ	10
Metro		ID	9
Moriguchi		JP	9
Médéa	Medea	DZ	9
Mestre		IT	9
Manama		BH	9
Matanzas		CU	9
Marabá	Maraba	BR	9
Meizhou		CN	9
Marawi City		PH	9
Macaé	Macae	BR	9
Middlesbrough		GB	9
Mallawī	Mallawi	EG	9
Metairie Terrace		US	9
Myingyan		MM	9
Mpumalanga		ZA	9
Mesquite		US	9
Man		CI	9
Metairie		US	9
Musashino		JP	9
Mahbūbnagar	Mahbubnagar	IN	9
Moundou		TD	9
Mandya		IN	8
Marbella		ES	8
Marg‘ilon	Marg`ilon	UZ	8
Mīāndoāb	Miandoab	IR	8
Muricay		PH	8
Majie		CN	8
Martapura		ID	8
McKinney		US	8
Miyakonojō	Miyakonojo	JP	8
Matsubara		JP	8
Moga		IN	8
Maicao		CO	8
Masaya		NI	8
Manzanillo		MX	8
Mostaganem		DZ	8
McAllen		US	8
Mandi Bahāuddīn	Mandi Bahauddin	PK	8
Mino		JP	8
Mogi-Gaucu		BR	8
Manzanillo		CU	8
Muar		MY	8
Murom		RU	8
Macheng		CN	8
Mandsaur		IN	8
Marand		IR	8
Metz		FR	8
Mohali		IN	8
Minzhu		CN	8
Maastricht		NL	8
Mỹ Tho	My Tho	VN	8
Miramar		US	8
Mataró	Mataro	ES	8
Musoma		TZ	8
Mufulira		ZM	8
Midoun		TN	8
Maxixe		MZ	7
Monza		IT	7
Modakeke		NG	7
Maseru		LS	7
Malindi		KE	7
Morbi		IN	7
Moncloa-Aravaca		ES	7
Milpa Alta		MX	7
Mingshui		CN	7
Mary		TM	7
Māler Kotla	Maler Kotla	IN	7
Maba		CN	7
Mishima		JP	7
Mojokerto		ID	7
Mothīhāri	Mothihari	IN	7
Mazyr		BY	7
Masjed Soleymān	Masjed Soleyman	IR	7
Magelang		ID	7
Mulhouse		FR	7
Mbouda		CM	7
Midland		US	7
Manzanillo		MX	7
Manzini		SZ	7
Mendip		GB	7
Mizhou		CN	7
Manchester		US	7
Matagalpa		NI	7
Murfreesboro		US	7
Madanapalle		IN	7
Mopti		ML	7
Moers		DE	7
Miami Gardens		US	7
Mitrovicë	Mitrovice	XK	7
Mati		PH	7
Mariara		VE	7
Malinovka		BY	7
Moratalaz		ES	6
Mostar		BA	6
Matamoros		MX	6
Marzahn		DE	6
Male		MV	6
Murrieta		US	6
Marmagao		IN	6
Malambo		CO	6
Mustafakemalpaşa	Mustafakemalpasa	TR	6
Maladzyechna		BY	6
Miriālgūda	Mirialguda	IN	6
Medina Estates		GH	6
Mokopane		ZA	6
Mezhdurechensk		RU	6
Martínez de la Torre	Martinez de la Torre	MX	6
Magangué	Magangue	CO	6
M’Sila	M'Sila	DZ	6
Messaad		DZ	6
Meihekou		CN	6
Manavgat		TR	6
Mughal Sarāi	Mughal Sarai	IN	6
Mbarara		UG	6
Mabopane		ZA	6
Mobara		JP	6
Magway		MM	6
Mtwara		TZ	6
Muroran		JP	6
Mingelchaur		AZ	6
Magadan		RU	6
Maribor		SI	6
Mainpuri		IN	6
Makrāna	Makrana	IN	6
Michurinsk		RU	6
Mission Viejo		US	6
Moa		CU	6
Maizuru		JP	6
Marl		DE	6
Macon		US	6
Mons		BE	6
Muriaé	Muriae	BR	6
Myitkyina		MM	6
Maidstone		GB	6
Mogok		MM	6
Montreuil		FR	6
Muktsar		IN	5
Miānwāli	Mianwali	PK	5
Murādnagar	Muradnagar	IN	5
Marseille 13		FR	5
Miragoâne	Miragoane	HT	5
Manjeri		IN	5
Mahobā	Mahoba	IN	5
Mudon		MM	5
Mangaldan		PH	5
Montero		BO	5
Mahendranagar		NP	5
Miami Beach		US	5
Majalengka		ID	5
Makeni		SL	5
Moncton		CA	5
Mishan		CN	5
Malanje		AO	5
Madgaon		IN	5
Musanze		RW	5
Mayiladuthurai		IN	5
Mbanza-Ngungu		CD	5
Makoko		NG	5
Montelíbano	Montelibano	CO	5
Mādārīpur	Madaripur	BD	5
Mariveles		PH	5
Milton		CA	5
Minūf	Minuf	EG	5
Mandurah		AU	5
Marilao		PH	5
Margahayukencana		ID	5
Minden		DE	5
Montego Bay		JM	5
Muş	Mus	TR	5
Mādabā	Madaba	JO	5
Marugame		JP	5
Mukacheve		UA	5
Mungyeong		KR	5
Mitte		DE	5
Mihara		JP	5
Mbalmayo		CM	5
Meïganga	Meiganga	CM	5
Mānsa	Mansa	IN	5
Maricá	Marica	BR	5
Merced		US	5
Marburg an der Lahn		DE	5
Marseille 08		FR	5
Manfalūţ	Manfalut	EG	5
Mthatha		ZA	5
Mayagüez	Mayagueez	PR	5
Mogi Mirim		BR	5
Mancherāl	Mancheral	IN	5
Marsala		IT	5
Marseille 15		FR	5
Mechelen		BE	5
Menifee		US	5
Mission		US	5
Mawāna	Mawana	IN	5
Marseille 09		FR	5
Moro		PK	5
Mmabatho		ZA	5
Manmād	Manmad	IN	5
Malaut		IN	5
Manresa		ES	5
Mbale		UG	5
Modiin		IL	5
Masvingo		ZW	5
Mineralnye Vody		RU	5
Midyat		TR	5
Matara		LK	5
Miān Channūn	Mian Channun	PK	5
Mbabane		SZ	5
Melbourne		US	5
Maymana		AF	5
Muan		KR	5
Mysłowice	Myslowice	PL	5
Meridian		US	5
Medford		US	4
Miki		JP	4
Mackay		AU	4
Mbaké	Mbake	SN	4
Mountain View		US	4
Mijas		ES	4
Melilla		ES	4
Mpanda		TZ	4
Móng Cái	Mong Cai	VN	4
Minusinsk		RU	4
Miyang		CN	4
Matão	Matao	BR	4
Maroúsi	Marousi	GR	4
Montepuez		MZ	4
Madhubani		IN	4
Monastir		TN	4
Mardin		TR	4
Muyinga		BI	4
Moabit		DE	4
Mīnāb	Minab	IR	4
Malumfashi		NG	4
Mindelo		CV	4
Mariano		PH	4
Mansfield		GB	4
Maebaru-chūō	Maebaru-chuo	JP	4
Muncie		US	4
Maple Ridge		CA	4
Mengcheng Chengguanzhen		CN	4
Mertoyudan		ID	4
Mérignac	Merignac	FR	4
Magalang		PH	4
Manbij		SY	4
Mila		DZ	4
Moriyama		JP	4
Mingguang		CN	4
Matsutō	Matsuto	JP	4
Majadahonda		ES	4
Munnar		IN	4
Minggang		CN	4
Most		CZ	4
Mount Pleasant		US	4
Matehuala		MX	4
Miramar		MX	4
Missouri City		US	4
Mount Vernon		US	4
Mukono		UG	4
Mbaïki	Mbaiki	CF	4
Maitland		AU	4
Manteca		US	4
Melati		ID	4
Mettupalayam		IN	4
Milpitas		US	4
Missoula		US	4
Maharagama		LK	4
Mānsehra	Mansehra	PK	4
Mandamarri		IN	4
Morón	Moron	CU	4
Mar’ina Roshcha	Mar'ina Roshcha	RU	4
Mengyin		CN	4
Mooka		JP	4
Masaka		UG	4
Meleuz		RU	4
Malkāpur	Malkapur	IN	4
Massa		IT	4
Msaken		TN	4
Mailsi		PK	4
Muncar		ID	4
Molina de Segura		ES	4
Mazabuka		ZM	4
Mārkāpur	Markapur	IN	4
Mabai		CN	4
Molepolole		BW	4
Mannargudi		IN	4
Medicine Hat		CA	4
Melipilla		CL	4
Machiques		VE	4
Montebello		US	4
Millcreek		US	4
Minglanilla		PH	4
Mersa Matruh		EG	4
Marseille 14		FR	4
Mudu		CN	4
Moca		DO	4
Malappuram		IN	4
Medenine		TN	4
Maple Grove		US	4
Malaybalay		PH	4
Madera		US	4
Mizusawa		JP	4
Mielec		PL	4
Meriden		US	4
Martin		SK	4
Mujiayingzi		CN	4
Motril		ES	4
Monterey Park		US	4
Margate		GB	4
Marysville		US	4
Mbale		KE	4
Meftah		DZ	3
Mococa		BR	3
Molfetta		IT	3
Maidenhead		GB	3
Malden		US	3
Mölndal	Moelndal	SE	3
Mangalagiri		IN	3
Mingshui		CN	3
Mikhaylovsk		RU	3
Manaoag		PH	3
Mossel Bay		ZA	3
Māngrol	Mangrol	IN	3
Modāsa	Modasa	IN	3
Mikhaylovka		RU	3
Mingyue		CN	3
Marseille 12		FR	3
Menden		DE	3
Myaydo		MM	3
Maulavi Bāzār	Maulavi Bazar	BD	3
Morley		GB	3
Minbu		MM	3
Mafraq		JO	3
Marondera		ZW	3
Mafeteng		LS	3
Minyat an Naşr	Minyat an Nasr	EG	3
Marseille 11		FR	3
Malārd	Malard	IR	3
Mettur		IN	3
Marietta		US	3
Moriya		JP	3
Magong		TW	3
Mérida	Merida	ES	3
Mon Repos		TT	3
Mansfield		US	3
Mendaha		ID	3
Medford		US	3
Maldonado		UY	3
Mangere		NZ	3
Mora		CM	3
Mokameh		IN	3
Moore		US	3
Matera		IT	3
Mamoudzou		YT	3
Meerbusch		DE	3
Manzhouli		CN	3
Manhuaçu	Manhuacu	BR	3
Moquegua		PE	3
Mairiporã	Mairipora	BR	3
Midwest City		US	3
Mount Prospect		US	3
Montenegro		BR	3
Maisons-Alfort		FR	3
Meaux		FR	3
Markala		ML	3
Menemen		TR	3
Masaurhi Buzurg		IN	3
Margate		US	3
Mubārakpur	Mubarakpur	IN	3
Mukō	Muko	JP	3
Manokwari		ID	3
Miryang		KR	3
Mediaş	Medias	RO	3
Makumbako		TZ	3
Mercedes		AR	3
Manfredonia		IT	3
Milford		US	3
Madīnat Ḩamad	Madinat Hamad	BH	3
Maiquetía	Maiquetia	VE	3
Mongu		ZM	3
Mollet del Vallès	Mollet del Valles	ES	3
Manacapuru		BR	3
Montauban		FR	3
Mansoûra	Mansoura	DZ	3
Manhattan		US	3
Maluñgun	Malungun	PH	3
Mouscron		BE	3
Meybod		IR	3
Macclesfield		GB	3
Miyako		JP	3
Morecambe		GB	3
Maha Sarakham		TH	3
Minokamo		JP	3
Maubin		MM	3
Miura		JP	3
Monkayo		PH	3
Marseille 10		FR	3
Mācherla	Macherla	IN	3
Melo		UY	3
Mannārakkāt	Mannarakkat	IN	3
Mweka		CD	3
Madhupur		IN	3
Merzifon		TR	3
Marechal Deodoro		BR	3
Madhipura		IN	3
Marhanets’	Marhanets'	UA	3
Mahāsamund	Mahasamund	IN	3
Madrid		CO	3
Mātli	Matli	PK	3
Ma'an		JO	3
Minnetonka Mills		US	3
Metlili Chaamba		DZ	3
Merelani		TZ	3
merter keresteciler		TR	3
Metrogorodok		RU	3
Monsanto		PT	3
Maun		BW	3
Marano di Napoli		IT	3
Mariendorf		DE	3
Monchegorsk		RU	3
Minnetonka		US	3
Morong		PH	3
Mut		TR	3
Mīrpur Māthelo	Mirpur Mathelo	PK	3
Mutsu		JP	3
Municipio de Copacabana		CO	3
Moncalieri		IT	3
Mandapeta		IN	3
Monroe		US	3
Middletown		US	3
Megion		RU	3
Modiin Ilit		IL	3
Martaban		MM	3
Masuda		JP	3
Mitcham		GB	3
Mao		DO	3
Mishawaka		US	3
Muğla	Mugla	TR	3
McLean		US	3
Māndvi	Mandvi	IN	3
Mājalgaon	Majalgaon	IN	3
Mansfield		US	3
Middletown		US	3
Merouana		DZ	3
Marijampolė	Marijampole	LT	3
Mtsensk		RU	3
Maumere		ID	3
Masbate		PH	3
Mutengene		CM	3
Mulbāgal	Mulbagal	IN	3
Montana		BG	3
Mudhol		IN	3
Mozhga		RU	3
Methuen		US	3
Meru		KE	3
Marseille 04		FR	3
Mentor		US	3
Mandeville		JM	3
Murray		US	3
Mikkeli		FI	3
Melle		DE	3
Middelburg		NL	3
Manglaur		IN	3
Menzel Bourguiba		TN	3
Montesilvano Marina		IT	3
Mahdia		TN	3
Mazara del Vallo		IT	3
Mongaguá	Mongagua	BR	3
Mahmudābād	Mahmudabad	IN	3
Mashtūl as Sūq	Mashtul as Suq	EG	3
Mustafābād	Mustafabad	PK	3
Martigues		FR	3
Middleton		GB	3
Misterbianco		IT	3
Mattanūr	Mattanur	IN	3
Mumias		KE	3
Marseille 03		FR	3
Meiderich		DE	3
Moreno		BR	3
Mariana		BR	3
Maţāy	Matay	EG	3
Mandlā	Mandla	IN	3
Midelt		MA	3
Myawadi		MM	3
Montluçon	Montlucon	FR	2
Mondlo		ZA	2
Muntilan		ID	2
May Pen		JM	2
Meudon		FR	2
Marseille 05		FR	2
Mae Sot		TH	2
Mawlaik		MM	2
Mahalapye		BW	2
Mairinque		BR	2
Morār	Morar	IN	2
Memāri	Memari	IN	2
Medak		IN	2
Morón	Moron	VE	2
Moyobamba		PE	2
Mantes-la-Jolie		FR	2
Mazatenango		GT	2
Myski		RU	2
Mieres		ES	2
Monte Carmelo		BR	2
Merta		IN	2
Mislata		ES	2
Murzuq		LY	2
Mexico		PH	2
Mladá Boleslav	Mlada Boleslav	CZ	2
Moline		US	2
Maricopa		US	2
Malgobek		RU	2
Mogoditshane		BW	2
Marseille 06		FR	2
Medgidia		RO	2
Morshansk		RU	2
Munsan		KR	2
Milas		TR	2
Mitsuke		JP	2
Mariinsk		RU	2
Macenta		GN	2
Monheim am Rhein		DE	2
Marechal Cândido Rondon	Marechal Candido Rondon	BR	2
Madison		US	2
Moroni		KM	2
Misawa		JP	2
Mizunami		JP	2
Mbanga		CM	2
Mercedes		UY	2
Mansa		ZM	2
Myanaung		MM	2
Mentekab		MY	2
Mampong		GH	2
Madīnat Sittah Uktūbar	Madinat Sittah Uktubar	EG	2
Metlaoui		TN	2
Monte Alto		BR	2
Mount Laurel		US	2
Midland		US	2
Mülheim	Muelheim	DE	2
Mānvi	Manvi	IN	2
Mamou		GN	2
Manicaragua		CU	2
Medemblik		NL	2
Myrhorod		UA	2
Mazeikiai		LT	2
Miercurea-Ciuc		RO	2
Masantol		PH	2
Mananara		MG	2
Meridian		US	2
Mitsukaidō	Mitsukaido	JP	2
Mehekar		IN	2
Mirzāpur	Mirzapur	BD	2
Memmingen		DE	2
Mityana		UG	2
Modica		IT	2
Malita		PH	2
Marseille 01		FR	2
Minot		US	2
Mozdok		RU	2
Mairena del Aljarafe		ES	2
Manacor		ES	2
Mukdahan		TH	2
Michalovce		SK	2
Mirny		RU	2
Monte Mor		BR	2
Mamatid		PH	2
Marcianise		IT	2
Mangochi		MW	2
Murtajāpur	Murtajapur	IN	2
Marlboro		US	2
Māpuca	Mapuca	IN	2
Maştağa	Mastaga	AZ	2
Mafra		BR	2
Moroleón	Moroleon	MX	2
Macaíba	Macaiba	BR	2
Mandideep		IN	2
Mahanoro		MG	2
Martil		MA	2
Mibu		JP	2
Montclair		US	2
Morohongō	Morohongo	JP	2
Maarssen		NL	2
Mangalia		RO	2
Murshidābād	Murshidabad	IN	2
Mettmann		DE	2
Mehendiganj		BD	2
Mankato		US	2
Mehdia		DZ	2
Miranda de Ebro		ES	2
Mantova		IT	2
Miyoshi		JP	2
Muskogee		US	2
Muravlenko		RU	2
Mawlamyinegyunn		MM	2
Montigny-le-Bretonneux		FR	2
Minakuchichō-matoba	Minakuchicho-matoba	JP	2
Melun		FR	2
Mineiros		BR	2
Majenang		ID	2
Mikołów	Mikolow	PL	2
Massy		FR	2
Montrouge		FR	2
Malbork		PL	2
Marcq-en-Barœul		FR	2
Millerovo		RU	2
Marlborough		US	2
Muskegon		US	2
Maintal		DE	2
Mandaguari		BR	2
Mahē	Mahe	IN	2
Malavalli		IN	2
Mühlhausen	Muehlhausen	DE	2
Madīnat ‘Īsá	Madinat `Isa	BH	2
Moorhead		US	2
Minas		UY	2
Maplewood		US	2
Marino		IT	2
Mahbūbābād	Mahbubabad	IN	2
Maihar		IN	2
Morgan Hill		US	2
Maudaha		IN	2
Manassas		US	2
Monopoli		IT	2
Majene		ID	2
Montemorelos		MX	2
Martina Franca		IT	2
Mae Chan		TH	2
Manjo		CM	2
Muang Phônsavan	Muang Phonsavan	LA	2
Morada Nova		BR	2
Monterotondo		IT	2
Mangai		CD	2
Muñoz	Munoz	PH	2
Malanville		BJ	2
Mableton		US	2
Melong		CM	2
Mińsk Mazowiecki	Minsk Mazowiecki	PL	2
Mochudi		BW	2
Melito di Napoli		IT	2
Manapparai		IN	2
Marion		US	2
Morondava		MG	2
Mahrīz	Mahriz	IR	2
Montclair		US	2
Monrovia		US	2
Mission Bend		US	2
Montenegro		CO	2
Mangotsfield		GB	2
Maia		PT	2
Modugno		IT	2
Mechanicsville		US	2
Maasmechelen		BE	2
Mont-de-Marsan		FR	2
Mandera		KE	2
Masasi		TZ	2
Marseille 07		FR	2
Marignane		FR	2
Martinez		US	2
Martinez		US	2
Montélimar	Montelimar	FR	2
Menomonee Falls		US	2
Morsi		IN	2
Misungwi		TZ	2
Manakara		MG	2
Melton		AU	2
Mâcon	Macon	FR	2
Mehrābpur	Mehrabpur	PK	2
Merrillville		US	2
Migori		KE	2
Märkisches Viertel	Markisches Viertel	DE	2
Mazarrón	Mazarron	ES	2
Manhattan Beach		US	2
Meulaboh		ID	2
Malakwal City		PK	2
Malmesbury		ZA	2
Mlimba		TZ	2
Marana		US	2
Mafinga		TZ	2
Masumbwe		TZ	2
Merseburg		DE	2
Marion		US	2
Merritt Island		US	2
Mirabel		CA	2
Mascouche		CA	2
Malakwāl	Malakwal	PK	2
Mojo		ET	2
Maddaloni		IT	2
Manggar		ID	2
Makouda		DZ	2
Moss		NO	2
Melchor Ocampo		MX	2
Moorpark		US	2
Minas de Matahambre		CU	2
Margate		ZA	2
Mijdrecht		NL	2
Moyale		KE	2
Manapla		PH	2
Mugnano di Napoli		IT	2
Meppen		DE	2
Morrinhos		BR	2
Medianeira		BR	2
Mokokchūng	Mokokchung	IN	2
Maramag		PH	2
Melur		IN	2
Madruga		CU	2
Manitowoc		US	2
Marmaris		TR	2
Maubeuge		FR	2
Mount Hagen		PG	2
Malilipot		PH	2
Maruoka		JP	2
Mlonggo		ID	2
Mulleriyawa		LK	2
Madikeri		IN	2
Merano		IT	2
Montcada i Reixac		ES	2
Marratxí	Marratxi	ES	2
Myszków	Myszkow	PL	2
Muhammadābād	Muhammadabad	IN	2
Marrero		US	2
Mushie		CD	2
Machado		BR	2
Maspalomas		ES	2
Mouzaïa	Mouzaia	DZ	2
Monaco		MC	2
Midsayap		PH	2
Marks		RU	2
Mira Taglio		IT	2
Melchor Múzquiz	Melchor Muzquiz	MX	2
Monroe		US	2
Maassluis		NL	2
Mushābani	Mushabani	IN	2
Mörfelden-Walldorf	Moerfelden-Walldorf	DE	2
Mauban		PH	2
Mount Lebanon		US	2
Mooresville		US	2
Mahālingpur	Mahalingpur	IN	2
Maloyaroslavets		RU	2
Milton		US	2
Mol		BE	2
Manuguru		IN	2
Mahemdāvād	Mahemdavad	IN	2
Mohyliv-Podil’s’kyy	Mohyliv-Podil's'kyy	UA	2
Manali		IN	2
Maşyāf	Masyaf	SY	2
Meschede		DE	2
Menongue		AO	2
McMinnville		US	2
Moose Jaw		CA	2
Ma‘arratmişrīn	Ma`arratmisrin	SY	2
Massillon		US	2
Maputsoe		LS	2
Montgomery Village		US	2
Menlo Park		US	2
Machakos		KE	2
Menen		BE	2
Māmu Kānjan	Mamu Kanjan	PK	2
Modřany	Modrany	CZ	2
Muddebihāl	Muddebihal	IN	2
Manjakandriana		MG	2
Milazzo		IT	2
Mount Vernon		US	2
Momostenango		GT	2
Megarine		DZ	2
Morrelgonj		BD	2
Mozhaysk		RU	2
Midland		CA	2
Masindi		UG	2
Michigan City		US	2
Muyuka		CM	2
Maluso		PH	2
Murakami		JP	2
Mvomero		TZ	2
Marovoay		MG	2
Merzig		DE	2
Mankāchar	Mankachar	IN	2
Mundelein		US	2
Mateur		TN	2
Mimarsinan		TR	2
Massafra		IT	2
Miguel Alemán (La Doce)	Miguel Aleman (La Doce)	MX	2
Mompós	Mompos	CO	2
Manghit		UZ	2
Matozinhos		BR	2
Macerata		IT	2
Merthyr Tydfil		GB	2
Mason		US	2
Meppel		NL	2
Mālūr	Malur	IN	2
Mednogorsk		RU	2
Mercedes		AR	2
Mūdbidri	Mudbidri	IN	2
Mānwat	Manwat	IN	2
Manchester		US	2
Masaki-chō	Masaki-cho	JP	2
Mahārāganj	Maharaganj	IN	2
Mutuáli	Mutuali	MZ	2
Mill Park		AU	2
Manises		ES	2
Mizque		BO	2
Mehar		PK	2
Maravatío	Maravatio	MX	2
Macuspana		MX	2
Mosonmagyaróvár	Mosonmagyarovar	HU	2
Marienfelde		DE	2
Monze		ZM	2
Musiri		IN	2
Moanda		GA	2
Meskiana		DZ	2
Mildura		AU	2
Montijo		PT	2
Miskhor		UA	2
Matveyevskoye		RU	2
Mikhalkovo		RU	2
Marion		US	1
Mascalucia		IT	1
Motherwell		GB	1
Marigliano		IT	1
Metamórfosi	Metamorfosi	GR	1
Malvar		PH	1
Mandalī	Mandali	IQ	1
Mathba		BD	1
Madurāntakam	Madurantakam	IN	1
Motala		SE	1
Madison Heights		US	1
Mūvattupula	Muvattupula	IN	1
Morgantown		US	1
Menton		FR	1
Metu		ET	1
Mīrānpur Katra	Miranpur Katra	IN	1
Morales		CO	1
Mekla		DZ	1
Mānsa	Mansa	IN	1
Maināguri	Mainaguri	IN	1
Minamata		JP	1
Malakoff		FR	1
Mława	Mlawa	PL	1
Mlandizi		TZ	1
Miami Lakes		US	1
Mirnyy		RU	1
Morozovsk		RU	1
Majorna		SE	1
Minchinābād	Minchinabad	PK	1
Muvattupuzha		IN	1
Moramanga		MG	1
Mangrūl Pīr	Mangrul Pir	IN	1
Muborak		UZ	1
Madukkarai		IN	1
Morristown		US	1
Monterusciello		IT	1
Maó	Mao	ES	1
Muikamachi		JP	1
Mānāvadar	Manavadar	IN	1
Mastung		PK	1
Mioveni		RO	1
Milford Mill		US	1
Maki		JP	1
Mariel		CU	1
Mollendo		PE	1
Meyzieu		FR	1
Manoharpur		IN	1
Marinha Grande		PT	1
Montbéliard	Montbeliard	FR	1
Molina		CL	1
Moriki		NG	1
Maiurno		SD	1
Mukher		IN	1
Mālpura	Malpura	IN	1
Milak		IN	1
Meissen		DE	1
Morón de la Frontera	Moron de la Frontera	ES	1
Mpika		ZM	1
Mānānwāla	Mananwala	PK	1
Millville		US	1
Monroeville		US	1
Mehlville		US	1
Mytilíni	Mytilini	GR	1
Mavoor		IN	1
Mohale’s Hoek	Mohale's Hoek	LS	1
Māvelikara	Mavelikara	IN	1
Maur		IN	1
Maisí	Maisi	CU	1
Mandi		IN	1
Maddūr	Maddur	IN	1
Maddagiri		IN	1
Middletown		US	1
Mason City		US	1
Matosinhos		PT	1
Machagai		AR	1
Masinloc		PH	1
Mkuranga		TZ	1
Mranggen		ID	1
Mirnyy		RU	1
Midvale		US	1
Mocímboa	Mocimboa	MZ	1
Maner		IN	1
Molo		KE	1
Margasari		ID	1
Monterey		US	1
Mechraa Bel Ksiri		MA	1
Mongo		TD	1
Mungeli		IN	1
Murun-kuren		MN	1
Mananjary		MG	1
Menuma		JP	1
Manāwar	Manawar	IN	1
Mililani Town		US	1
Mamanguape		BR	1
Machalí	Machali	CL	1
Marshalltown		US	1
Mechernich		DE	1
Mae Sai		TH	1
Manamadurai		IN	1
Maryland Heights		US	1
Maryville		US	1
Malkara		TR	1
Madang		PG	1
Manduria		IT	1
Maywood		US	1
Mīrānpur	Miranpur	IN	1
Mevo Betar		IL	1
Māgadi	Magadi	IN	1
Matthews		US	1
Maych’ew	Maych'ew	ET	1
Myrtle Beach		US	1
Malyn		UA	1
Manolo Fortich		PH	1
Malinyi		TZ	1
Mangaratiba		BR	1
Mosquera		CO	1
Milton		US	1
Miandrarivo		MG	1
McHenry		US	1
Melrose		US	1
Mahlsdorf		DE	1
Mbandjok		CM	1
Mombetsu		JP	1
Marau		BR	1
Mucuri		BR	1
Merrimack		US	1
Mtinko		TZ	1
Muntok		ID	1
Monfalcone		IT	1
Marabella		TT	1
Miracema		BR	1
Martorell		ES	1
Mata de São João	Mata de Sao Joao	BR	1
Medina		US	1
Montebelluna		IT	1
Mahād	Mahad	IN	1
Malinaltepec		MX	1
Maroubra		AU	1
Maramba		TZ	1
Magna		US	1
Mesagne		IT	1
Mühlheim am Main	Muehlheim am Main	DE	1
Mansfield City		US	1
Melton Mowbray		GB	1
Mitha Tiwāna	Mitha Tiwana	PK	1
Mühlacker	Muhlacker	DE	1
Montigny-lès-Metz	Montigny-les-Metz	FR	1
Metallostroy		RU	1
Matoury		GF	1
Mendi		PG	1
Mosman		AU	1
Mpophomeni		ZA	1
Matsubase		JP	1
Marolambo		MG	1
Marhaura		IN	1
Magugu		TZ	1
Malazgirt		TR	1
Mizdah		LY	1
Mondragone		IT	1
Mashiko		JP	1
Mount Pleasant		US	1
Mercedes		CR	1
Marialva		BR	1
Melgar		CO	1
Marín	Marin	ES	1
Makubetsu		JP	1
Maao		PH	1
Marseille 02		FR	1
Mussoorie		IN	1
Machachi		EC	1
Mahendragarh		IN	1
Monsefú	Monsefu	PE	1
Melouza		DZ	1
Molodohvardiys’k	Molodohvardiys'k	UA	1
Marcavelica		PE	1
Meadow Woods		US	1
Manjacaze		MZ	1
Mauganj		IN	1
Meckenheim		DE	1
Mehndāwal	Mehndawal	IN	1
Moskháton	Moskhaton	GR	1
Melrose Park		US	1
Majuro		MH	1
Marataizes		BR	1
Morro Agudo		BR	1
Murree		PK	1
Machhlīshahr	Machhlishahr	IN	1
Mendī	Mendi	ET	1
Mbinga		TZ	1
Middle River		US	1
Mostovskoy		RU	1
Makó	Mako	HU	1
Mosbach		DE	1
Milford		US	1
Malakanagiri		IN	1
Maplewood		US	1
Muang Xay		LA	1
Marina di Carrara		IT	1
Marayur		IN	1
Makurazaki		JP	1
Manouba		TN	1
Mateus Leme		BR	1
Mangaldai		IN	1
Manikchari		BD	1
Madaoua		NE	1
Migdal Ha‘Emeq	Migdal Ha`Emeq	IL	1
Muktāgācha	Muktagacha	BD	1
Mola di Bari		IT	1
Mont-Dore		NC	1
Mīnjūr	Minjur	IN	1
Mount Pearl		CA	1
Monte Caseros		AR	1
Martos		ES	1
Manibaug Pasig		PH	1
Moyotzingo		MX	1
Mortsel		BE	1
Margherita		IN	1
Muret		FR	1
Mahmutlar		TR	1
Marcos Juárez	Marcos Juarez	AR	1
Mbanza Congo		AO	1
Miramas		FR	1
Marinilla		CO	1
Madison		US	1
Muhammadābād	Muhammadabad	IN	1
Medford		US	1
Muskego		US	1
Maywood		US	1
Manāsa	Manasa	IN	1
Matai		TZ	1
Molins de Rei		ES	1
Mahwah		US	1
Maevatanana		MG	1
Markkleeberg		DE	1
Mūl	Mul	IN	1
Moineşti	Moinesti	RO	1
Māngrol	Mangrol	IN	1
Mamburao		PH	1
Maroantsetra		MG	1
Miguel Pereira		BR	1
Murlīganj	Murliganj	IN	1
Montilla		ES	1
Montfermeil		FR	1
Moscow		US	1
Monteros		AR	1
Manihāri	Manihari	IN	1
Mgandu		TZ	1
Masallātah	Masallatah	LY	1
Macas		EC	1
Maaseik		BE	1
Merefa		UA	1
Mount Juliet		US	1
Mariāni	Mariani	IN	1
Munster		US	1
Moutsamoudou		KM	1
Mino		JP	1
Morinda		IN	1
Mojoagung		ID	1
Marshall		US	1
Machesney Park		US	1
Malpe		IN	1
Mikuni		JP	1
Māndal	Mandal	IN	1
Mégara	Megara	GR	1
Mithi		PK	1
Metahāra	Metahara	ET	1
María la Baja	Maria la Baja	CO	1
Mansfield		US	1
Mirandopólis	Mirandopolis	BR	1
Monte Estoril		PT	1
Monoharpur		IN	1
Magdalena de Kino		MX	1
Millau		FR	1
Mwadui		TZ	1
Morton Grove		US	1
Misantla		MX	1
Mount Gambier		AU	1
Märsta	Marsta	SE	1
Muggiò	Muggio	IT	1
Marki		PL	1
Mudanya		TR	1
Marrickville		AU	1
Macia		MZ	1
Maple Heights		US	1
Mequon		US	1
Mariquita		CO	1
Massawa		ER	1
Moulins		FR	1
Mont-Saint-Aignan		FR	1
Mansalay		PH	1
Muluppilagadu		IN	1
Mons-en-Barœul		FR	1
Maragondon		PH	1
Mendeleyevsk		RU	1
Montreux		CH	1
Mauldin		US	1
Muscatine		US	1
Montgeron		FR	1
Monte Alegre		BR	1
Mount Isa		AU	1
Maisons-Laffitte		FR	1
Madingou		CG	1
Mukeriān	Mukerian	IN	1
Manuel Ojinaga		MX	1
Melíssia	Melissia	GR	1
Mint Hill		US	1
Motomiya		JP	1
Mercer Island		US	1
Maracaju		BR	1
Maple Valley		US	1
Meda		IT	1
Musselburgh		GB	1
Mariano Comense		IT	1
Mātābhānga	Matabhanga	IN	1
Mahwah		IN	1
Mixquiahuala de Juarez		MX	1
Morphett Vale		AU	1
Moche		PE	1
Magenta		IT	1
Muchamiel		ES	1
Mejorada del Campo		ES	1
Maués	Maues	BR	1
Mouila		GA	1
Mahārājgani	Maharajgani	IN	1
Mornington		AU	1
Muritiba		BR	1
Mazouna		DZ	1
Motru		RO	1
Mariāhu	Mariahu	IN	1
Montecarlo		AR	1
Maghull		GB	1
Manage		BE	1
Mayahi		NE	1
Mulchén	Mulchen	CL	1
Mayāng Imphāl	Mayang Imphal	IN	1
Muhammadābād	Muhammadabad	IN	1
Mansourah		DZ	1
Metzingen		DE	1
Moskovskiy		TJ	1
Merrick		US	1
Marysville		US	1
Maldegem		BE	1
McDonough		US	1
Mendez-Nuñez	Mendez-Nunez	PH	1
Maracás	Maracas	BR	1
Merelbeke		BE	1
Mocoa		CO	1
Multai		IN	1
Maswa		TZ	1
Mersing		MY	1
Maliana		TL	1
Mogliano Veneto		IT	1
Meinerzhagen		DE	1
Muang Pakxan		LA	1
Menderes		TR	1
Mrągowo	Mragowo	PL	1
Monreale		IT	1
Mira Loma		US	1
Marsberg		DE	1
Malanday		PH	1
Moncada		ES	1
Mondovì	Mondovi	IT	1
Mundargi		IN	1
Musan-ŭp	Musan-up	KP	1
Monor		HU	1
Mogán	Mogan	ES	1
Massapequa		US	1
Morro do Chapéu	Morro do Chapeu	BR	1
Miyazu		JP	1
Meiningen		DE	1
Māndalgarh	Mandalgarh	IN	1
Muttupet		IN	1
Mhango		TZ	1
Menzel Jemil		TN	1
Medina del Campo		ES	1
Millbrae		US	1
Moju		BR	1
Maryborough		AU	1
Maheshwar		IN	1
Masatepe		NI	1
Marang		MY	1
Mhāsvād	Mhasvad	IN	1
maalot Tarshīhā	maalot Tarshiha	IL	1
Marquette		US	1
Manosque		FR	1
Mandāwar	Mandawar	IN	1
Maldon		GB	1
Montmorency		FR	1
Mokwa		NG	1
Motul		MX	1
Molave		PH	1
Matías Romero	Matias Romero	MX	1
Mudgal		IN	1
Mahdishahr		IR	1
Maragogipe		BR	1
Minas		CU	1
Maralal		KE	1
Montecchio Maggiore-Alte Ceccato		IT	1
Maracena		ES	1
Marigaon		IN	1
Mudkhed		IN	1
Monroe		US	1
Mirriah		NE	1
Mödling	Modling	AT	1
Masterton		NZ	1
Makueni		KE	1
Manlleu		ES	1
Miandrivazo		MG	1
Moreni		RO	1
Market Harborough		GB	1
Mbala		ZM	1
Mazinde		TZ	1
Modimolle		ZA	1
Mairena del Alcor		ES	1
Maniar		IN	1
Māchhīwāra	Machhiwara	IN	1
Miyata		JP	1
Murici		BR	1
Mountain Brook		US	1
Morales		CO	1
Moses Lake		US	1
Manay		PH	1
Monguno		NG	1
Milwaukie		US	1
Malangwa		NP	1
Mori		JP	1
Meylan		FR	1
Mukilteo		US	1
Muriti		TZ	1
Matui		TZ	1
Montceau-les-Mines		FR	1
Marina di Ardea-Tor San Lorenzo		IT	1
Monserrato		IT	1
Messina		ZA	1
Miamisburg		US	1
Montville Center		US	1
Mers el Kebir		DZ	1
Morwa		IN	1
Mairwa		IN	1
Mau Aimma		IN	1
Medjez el Bab		TN	1
Mar’’ina Horka	Mar''ina Horka	BY	1
Maksi		IN	1
Mungaoli		IN	1
Murrysville		US	1
Mössingen	Mossingen	DE	1
Montecanal		ES	1
Mantes-la-Ville		FR	1
Meerssen		NL	1
Morsang-sur-Orge		FR	1
Mountlake Terrace		US	1
Monino		RU	1
Marblehead		US	1
Mpwapwa		TZ	1
Meyrin		CH	1
Marchena		ES	1
Monção	Moncao	PT	1
Marakkanam		IN	1
McKeesport		US	1
Marina		US	1
Muramatsu		JP	1
Miharu		JP	1
Makamba		BI	1
Malvern East		AU	1
Madisonville		US	1
Murray Bridge		AU	1
Motegi		JP	1
Montclair		US	1
Moguer		ES	1
Mosopa		BW	1
Monforte de Lemos		ES	1
Maposeni		TZ	1
Mamfe		CM	1
Malabanban Norte		PH	1
Malapatan		PH	1
Mobaye		CF	1
Magaria		NE	1
Mayen		DE	1
Maham		IN	1
Magumeri		NG	1
Maholi		IN	1
Mitake		JP	1
Mzimba		MW	1
Mau		IN	1
Makabe		JP	1
Mandelieu-la-Napoule		FR	1
Macomb		US	1
Mékhé	Mekhe	SN	1
Mělník	Melnik	CZ	1
Manzanares		ES	1
Misilmeri		IT	1
Mezőtúr	Mezotur	HU	1
Mayfield Heights		US	1
Metapán	Metapan	SV	1
Montrose		US	1
Marshfield		US	1
Madison		US	1
Mankono		CI	1
Motozintla		MX	1
Mumbwa		ZM	1
Magomeni		TZ	1
Maple Shade		US	1
Marmande		FR	1
Mtwango		TZ	1
Moaña	Moana	ES	1
Matteson		US	1
Maurepas		FR	1
Morales		GT	1
Melville		US	1
Mougins		FR	1
Mubende		UG	1
Mont-Royal		CA	1
Mamaroneck		US	1
Matiāri	Matiari	PK	1
Mulgund		IN	1
Maghār	Maghar	IL	1
Masis		AM	1
Manismata		ID	1
Marple		GB	1
Mārahra	Marahra	IN	1
Middletown		US	1
Mascote		BR	1
Mālvan	Malvan	IN	1
Matiri		TZ	1
Mallasamudram		IN	1
Manturovo		RU	1
Moyo		UG	1
Mirfield		GB	1
Mineola		US	1
Marneuli		GE	1
Magole		TZ	1
Mon		IN	1
Mokena		US	1
Málaga	Malaga	CO	1
Mlowo		TZ	1
Mátészalka	Mateszalka	HU	1
Mohács	Mohacs	HU	1
Matriz de Camaragibe		BR	1
Montevarchi		IT	1
Międzyrzecz	Miedzyrzecz	PL	1
Māndvi	Mandvi	IN	1
Molde		NO	1
Morrisville		US	1
Mitry-Mory		FR	1
Mattoon		US	1
Mead Valley		US	1
Marktoberdorf		DE	1
Meise		BE	1
Martinópolis	Martinopolis	BR	1
Malgrat de Mar		ES	1
Mölln	Moelln	DE	1
March		GB	1
Montgomery		US	1
Mugumu		TZ	1
Monsey		US	1
Morristown		US	1
Malakhovka		RU	1
McAlester		US	1
Maltby		GB	1
Montecristi		EC	1
Mandan		US	1
Mansfield Woodhouse		GB	1
Mauguio		FR	1
Maasin		PH	1
Mchinji		MW	1
Miguelópolis	Miguelopolis	BR	1
Makakilo		US	1
Mitras Poniente		MX	1
Mill Creek		US	1
Morlanwelz-Mariemont		BE	1
Mossendjo		CG	1
Marktredwitz		DE	1
Middelburg		ZA	1
Miramichi		CA	1
Monte Azul Paulista		BR	1
Müllheim	Mullheim	DE	1
Manchester		US	1
Mäntsälä	Maentsaelae	FI	1
Macau		BR	1
Muramvya		BI	1
Midlothian		US	1
Mao		TD	1
Melzo		IT	1
Morayfield		AU	1
Mahīshādal	Mahishadal	IN	1
Montecatini-Terme		IT	1
Murudeshwara		IN	1
Marlow		GB	1
Montigny-lès-Cormeilles	Montigny-les-Cormeilles	FR	1
Massaguet		TD	1
Msowero		TZ	1
Mo i Rana		NO	1
Maesteg		GB	1
Moita		PT	1
Mosta		MT	1
Middelkerke		BE	1
Mendefera		ER	1
Malacky		SK	1
Markova		RU	1
Mto wa Mbu		TZ	1
Munster		DE	1
Murray		US	1
Monteiro		BR	1
Milledgeville		US	1
Makīnsk	Makinsk	KZ	1
Murphy		US	1
Mezőkövesd	Mezokovesd	HU	1
Moram		IN	1
Myślenice	Myslenice	PL	1
Moreton		GB	1
Mulgrave		AU	1
Miahuatlán de Porfirio Díaz	Miahuatlan de Porfirio Diaz	MX	1
Marseille 16		FR	1
Mühldorf	Muehldorf	DE	1
Muroto-misakicho		JP	1
Middelharnis		NL	1
Mari		BR	1
Morlaix		FR	1
Montemurlo		IT	1
Murbād	Murbad	IN	1
Mūndwa	Mundwa	IN	1
Montargis		FR	1
Murcia		PH	1
Middleton		US	1
Marly-le-Roi		FR	1
Mustang		US	1
Maganoy		PH	1
Mirandola		IT	1
Moosburg		DE	1
Menasha		US	1
Mehtar Lām	Mehtar Lam	AF	1
Meerane		DE	1
Mae Ramat		TH	1
Mendes		BR	1
Monroe		US	1
Middletown		US	1
Michelstadt		DE	1
Mala		PE	1
Mūlki	Mulki	IN	1
Mount Eliza		AU	1
Martinsburg		US	1
Marion		US	1
Mendarda		IN	1
Maumelle		US	1
Międzyrzec Podlaski	Miedzyrzec Podlaski	PL	1
Mahayag		PH	1
Mboursou Léré	Mboursou Lere	TD	1
Moirāng	Moirang	IN	1
Mount Martha		AU	1
Mombaça	Mombaca	BR	1
Madambakkam		IN	1
Mahiari		IN	1
Mentana		IT	1
Mahébourg	Mahebourg	MU	1
Monzón	Monzon	ES	1
Maghar		IN	1
Massapequa Park		US	1
Muheza		TZ	1
Mundgod		IN	1
Montereau-Fault-Yonne		FR	1
Mercedes		PH	1
Mount Vernon		US	1
Medvedovskaya		RU	1
Mula		ES	1
Manjhanpur		IN	1
Mach		PK	1
Muttenz		CH	1
Morganton		US	1
Malampaka		TZ	1
Menzelinsk		RU	1
Marche-en-Famenne		BE	1
Matamey		NE	1
Mahudha		IN	1
Mwandiga		TZ	1
Ma'rib		YE	1
Mineral Wells		US	1
Mikumi		TZ	1
Marumori		JP	1
Mungaa		TZ	1
Media Luna		CU	1
Melegnano		IT	1
Montivilliers		FR	1
Malīhābād	Malihabad	IN	1
Maardu		EE	1
Mittweida		DE	1
Monte Santo de Minas		BR	1
Magsaysay		PH	1
Mocajuba		BR	1
Medvezh’yegorsk	Medvezh'yegorsk	RU	1
Mucur		TR	1
Mulanje		MW	1
Mbuguni		TZ	1
Medvedevo		RU	1
Madipakkam		IN	1
Matsushima		JP	1
Mount Clemens		US	1
Monte Aprazível	Monte Aprazivel	BR	1
Maubara		TL	1
Manzanares		CO	1
Morton		US	1
Menomonie		US	1
Mangla		PK	1
Moissy-Cramayel		FR	1
Muzambinho		BR	1
Minturno		IT	1
Montijo		ES	1
Mennzel Bou Zelfa		TN	1
Mākum	Makum	IN	1
Mungia		ES	1
Macatuba		BR	1
Mahgawān	Mahgawan	IN	1
Medina		MX	1
Montbrison		FR	1
Morong		PH	1
Masty		BY	1
Maryland City		US	1
Manatí	Manati	PR	1
Mapastepec		MX	1
Maragogi		BR	1
Moraga		US	1
Monte-Carlo		MC	1
Maintirano		MG	1
Middleburg Heights		US	1
Merke		KZ	1
Melenki		RU	1
Mankayan		PH	1
Myrtle Grove		US	1
Malahide		IE	1
Madison		US	1
Mihona		IN	1
Milanówek	Milanowek	PL	1
Menzel Abderhaman		TN	1
Maitland		US	1
Mont-Saint-Hilaire		CA	1
Marte		NG	1
Meneméni	Menemeni	GR	1
Manthani		IN	1
Madukkūr	Madukkur	IN	1
Marbach am Neckar		DE	1
Mayenne		FR	1
Moe		AU	1
Mlalo		TZ	1
Mercedes		US	1
Mount Pleasant		US	1
Magog		CA	1
Montalvo		EC	1
Manhumirim		BR	1
Mizil		RO	1
Monte Plata		DO	1
Makuyuni		TZ	1
Montornès del Vallès	Montornes del Valles	ES	1
Mastic		US	1
Minas de Marcona		PE	1
Martha Lake		US	1
Malnate		IT	1
Moskovskiy		RU	1
Mountain Top		US	1
Mandalgovi		MN	1
Mayma		RU	1
Massakory		TD	1
Makakilo City		US	1
Marsabit		KE	1
Mīrganj	Mirganj	IN	1
Mabama		TZ	1
Matam		SN	1
Mount Vernon		US	1
Mesquite		US	1
Mardakan		AZ	1
Montesson		FR	1
Mitchell		US	1
Medeiros Neto		BR	1
Marfil		MX	1
Much		DE	1
Mundra		IN	1
Muhoroni		KE	1
Merrifield		US	1
Massamagrell		ES	1
Magarao		PH	1
Mangilao Village		GU	1
Moussoro		TD	1
McKinleyville		US	1
Manga		BF	1
Mlangali		TZ	1
Mirano		IT	1
Morteros		AR	1
Monthey		CH	1
Markaz-e Woluswalī-ye Āchīn	Markaz-e Woluswali-ye Achin	AF	1
Mexborough		GB	1
Mandapam		IN	1
Montichiari		IT	1
Mahanje		TZ	1
Misrikh		IN	1